N_azote,P_phosphore,K_potassium,pH,temperature_C,humidite_pourcentage,precipitations_mm,culture_recommandee
52,42,50,5.6,25.3,68.3,1293.1,Igname
118,57,39,6.2,29.6,48.6,875.0,Coton
29,16,39,6.2,28.0,45.3,1052.9,Manioc
18,61,28,7.0,25.7,47.8,937.1,Soja
59,34,49,5.9,25.9,58.2,1125.0,Igname
69,28,61,5.7,23.7,87.0,1687.9,Café
27,49,20,7.6,26.8,42.4,823.4,Soja
116,39,31,6.0,24.8,44.5,844.6,Coton
103,45,46,7.0,29.9,62.5,1084.3,Riz
36,39,35,7.1,35.0,34.9,510.4,Sorgho
65,30,30,8.2,31.2,40.6,739.5,Sorgho
69,48,38,6.1,25.6,100.0,2297.1,Cacao
54,40,46,5.8,26.4,62.2,1123.9,Igname
67,35,47,6.1,26.2,88.7,1942.7,Cacao
86,66,23,5.8,26.4,32.7,793.7,Maïs
86,43,20,6.1,29.3,44.7,869.4,Maïs
59,38,57,6.0,27.1,57.1,1083.8,Igname
58,42,18,6.7,25.4,46.1,827.7,Maïs
49,32,30,7.2,30.4,32.8,640.8,Sorgho
32,23,26,6.9,28.3,39.5,678.8,Sorgho
68,52,43,6.3,31.4,79.0,1455.1,Riz
43,37,33,6.3,28.5,34.5,567.8,Sorgho
67,36,49,6.0,21.3,100.0,2436.9,Cacao
54,52,38,6.7,22.6,89.2,1677.4,Riz
84,38,24,6.7,26.0,41.6,679.6,Maïs
83,41,24,6.6,25.6,28.8,713.1,Maïs
57,41,43,6.3,25.6,100.0,2381.5,Cacao
57,22,38,5.6,27.4,56.1,933.2,Manioc
43,37,22,6.2,28.4,38.9,718.4,Sorgho
51,35,46,5.8,29.4,65.6,1194.7,Igname
44,30,32,7.5,28.4,20.0,408.6,Sorgho
53,26,26,6.9,36.4,32.2,770.3,Sorgho
46,27,30,7.1,30.5,20.6,601.3,Sorgho
82,18,46,5.7,20.9,85.1,1715.0,Café
30,41,53,5.4,26.3,70.5,1391.1,Igname
62,49,35,6.0,26.7,77.5,1698.2,Riz
45,20,31,6.1,29.5,42.5,831.0,Manioc
31,43,31,6.3,24.9,40.1,710.1,Soja
66,40,36,6.2,25.1,96.4,2018.3,Cacao
107,60,39,6.5,27.5,32.5,820.4,Coton
27,51,30,7.3,29.8,58.6,979.1,Soja
24,42,26,6.7,27.3,39.8,860.7,Soja
41,21,39,5.8,27.4,46.5,1057.3,Manioc
122,44,44,5.9,27.9,38.9,887.0,Coton
62,41,44,6.5,23.2,92.6,1744.9,Cacao
54,24,39,5.7,29.0,39.2,893.3,Manioc
65,37,38,5.7,26.9,78.5,1659.9,Cacao
48,22,30,5.5,30.9,20.0,454.7,Sorgho
116,50,41,6.5,26.4,25.2,448.3,Coton
51,22,36,5.6,28.3,39.9,991.6,Manioc
45,25,48,5.8,27.5,56.8,972.1,Manioc
52,31,36,6.7,27.3,20.7,516.5,Sorgho
55,35,34,7.5,31.8,27.3,664.1,Sorgho
70,42,36,6.3,31.7,74.9,1551.1,Riz
57,23,34,5.6,28.3,50.6,1050.3,Manioc
66,51,34,4.6,27.7,73.7,1494.8,Riz
31,55,33,6.4,23.4,41.4,696.3,Soja
69,40,45,6.3,27.2,49.7,1041.2,Igname
45,18,40,6.0,32.4,43.9,801.0,Manioc
118,54,33,6.6,33.0,38.1,887.7,Coton
63,34,44,5.9,25.9,73.1,1332.7,Igname
73,43,43,5.9,23.9,100.0,1979.4,Cacao
38,32,38,7.2,31.7,47.4,832.7,Sorgho
83,53,18,7.3,22.1,50.1,825.9,Maïs
115,49,38,6.7,35.3,31.7,738.0,Coton
64,38,40,5.8,26.8,96.8,2124.7,Cacao
64,41,46,5.9,29.0,71.9,1578.2,Igname
33,59,23,6.7,28.9,53.2,903.7,Soja
29,57,43,7.0,32.4,55.7,957.2,Soja
46,13,36,5.9,28.3,38.7,829.3,Manioc
124,54,39,5.9,33.6,47.5,871.9,Coton
82,28,60,5.3,20.2,100.0,2088.2,Café
28,65,23,6.9,29.7,45.4,739.5,Soja
33,56,24,6.9,25.8,38.6,690.8,Soja
26,67,22,6.6,28.0,42.0,768.6,Soja
82,39,51,5.9,25.5,93.0,1809.2,Cacao
52,41,27,6.2,23.4,23.9,671.8,Maïs
69,39,47,6.7,25.0,65.2,1310.4,Igname
52,26,29,7.8,29.3,29.9,599.9,Sorgho
72,34,23,6.4,26.2,100.0,2083.9,Cacao
115,46,36,5.6,28.1,58.1,1077.8,Coton
34,56,31,6.1,25.4,47.9,789.0,Soja
73,48,46,6.2,29.6,98.4,1866.9,Riz
90,30,57,5.6,19.6,99.0,1957.2,Café
56,39,47,6.6,29.2,49.2,1124.2,Igname
47,34,44,6.1,28.3,61.9,1188.3,Igname
37,53,23,6.6,26.3,28.1,658.6,Soja
51,27,42,6.1,28.6,60.0,1055.9,Manioc
69,37,42,5.7,23.0,93.3,1735.7,Café
35,49,39,5.7,22.1,30.2,769.0,Soja
151,42,39,5.1,34.6,33.2,839.4,Coton
58,23,37,5.8,26.2,60.9,1050.7,Manioc
71,37,33,5.8,24.0,99.4,2055.4,Cacao
98,55,39,6.4,26.7,36.0,915.4,Coton
91,38,24,6.4,24.9,33.6,799.4,Maïs
80,52,40,6.8,26.1,60.9,1344.1,Riz
68,36,65,5.9,20.6,89.6,1705.5,Café
88,54,22,6.7,22.6,26.5,512.5,Maïs
84,45,24,6.5,22.0,43.7,705.8,Maïs
66,40,47,5.6,22.9,100.0,2005.8,Cacao
78,27,55,5.8,22.8,79.6,1729.5,Café
113,44,41,6.0,31.0,46.4,906.9,Coton
69,32,45,5.9,25.0,100.0,2065.7,Cacao
39,32,41,4.9,26.6,38.9,973.9,Manioc
58,51,45,5.5,30.0,58.0,1231.0,Riz
54,40,51,5.6,23.2,93.5,1787.5,Cacao
35,20,35,6.2,29.2,37.6,826.0,Manioc
72,46,25,7.3,25.5,51.3,874.8,Maïs
56,32,51,5.7,25.9,80.9,1642.7,Cacao
62,47,43,5.5,24.8,92.0,1784.4,Cacao
73,43,42,5.4,24.5,91.4,1661.2,Cacao
27,55,21,6.0,24.9,44.0,895.3,Soja
64,54,23,6.8,20.6,27.6,583.4,Maïs
83,32,66,5.2,20.8,72.9,1582.8,Café
124,52,40,6.1,27.4,44.7,793.6,Coton
73,30,53,5.6,23.3,87.6,1691.8,Café
50,24,42,5.6,29.8,44.7,987.9,Manioc
43,20,41,6.1,26.1,59.2,1073.1,Manioc
120,46,50,6.6,30.5,50.9,907.5,Coton
133,46,27,6.0,27.4,50.8,927.3,Coton
38,30,25,6.8,27.6,43.3,772.7,Sorgho
47,20,35,6.1,29.2,42.2,852.3,Manioc
36,18,40,6.1,27.8,40.7,938.8,Manioc
115,51,37,6.6,33.0,40.1,780.3,Coton
66,34,46,5.8,23.9,76.7,1545.5,Cacao
61,42,55,6.3,26.7,61.9,1096.8,Igname
121,49,42,6.7,29.9,43.8,761.3,Coton
75,28,51,5.8,21.1,87.5,1687.7,Café
46,24,34,5.6,27.8,52.3,1039.5,Manioc
66,30,60,5.4,23.3,100.0,2309.9,Cacao
82,26,57,5.2,20.1,91.2,1740.7,Café
52,41,46,5.9,26.2,75.3,1355.3,Riz
58,28,40,5.5,30.3,28.7,498.1,Sorgho
31,55,38,6.5,26.7,40.9,765.9,Soja
84,26,57,5.6,19.5,91.3,1793.2,Café
77,47,24,6.2,23.3,38.8,691.4,Maïs
75,36,56,5.6,20.2,98.5,1885.8,Café
72,31,60,5.4,21.6,88.6,1909.0,Café
50,18,36,5.6,27.2,51.7,1001.5,Manioc
58,28,28,6.1,31.5,22.9,568.6,Sorgho
91,48,25,6.9,22.5,33.4,858.6,Maïs
98,52,17,6.7,24.2,39.6,835.0,Maïs
66,44,34,5.8,22.8,100.0,2238.1,Cacao
78,56,20,7.0,23.8,28.7,741.1,Maïs
76,51,26,5.3,24.0,30.2,753.3,Maïs
51,22,35,5.7,28.7,54.6,1011.3,Manioc
71,25,48,5.5,21.3,98.4,2052.8,Café
75,48,34,6.5,27.9,92.5,1806.8,Riz
27,63,32,7.2,24.5,43.5,894.8,Soja
32,55,30,6.9,25.1,44.9,1006.5,Soja
96,30,70,5.7,20.9,79.0,1627.4,Café
70,46,44,6.4,28.4,52.2,1068.7,Igname
40,55,34,6.6,27.8,57.7,961.9,Soja
49,20,30,5.7,30.0,47.7,839.4,Manioc
34,57,27,6.4,28.1,34.1,795.3,Soja
62,43,34,6.2,25.2,87.9,1887.2,Cacao
54,35,49,6.4,27.8,66.3,1412.8,Igname
74,33,48,5.8,22.5,92.4,1664.5,Café
126,51,39,6.2,32.3,48.1,1044.4,Coton
37,30,24,8.1,27.4,25.4,593.3,Sorgho
26,63,34,6.7,21.0,42.3,672.1,Soja
63,48,43,6.7,31.7,57.3,1249.0,Riz
62,42,36,6.0,24.8,100.0,2081.0,Cacao
47,32,35,5.3,33.1,32.0,498.2,Sorgho
71,42,40,5.6,31.1,82.8,1719.0,Riz
121,47,41,6.0,31.1,35.2,886.5,Coton
57,43,34,5.4,23.1,100.0,1836.9,Cacao
55,48,46,6.4,24.6,100.0,2091.9,Cacao
63,22,45,5.1,25.9,58.8,998.1,Manioc
73,40,55,6.1,27.8,57.4,1242.5,Igname
48,17,42,6.2,31.8,61.1,1033.8,Manioc
28,45,23,7.1,21.1,45.5,819.6,Soja
69,35,50,6.1,27.7,67.5,1282.9,Igname
57,57,39,5.2,29.3,77.6,1622.8,Riz
126,52,36,5.7,31.3,46.3,769.7,Coton
75,49,42,5.7,28.0,89.1,1831.4,Riz
73,32,66,5.5,22.9,65.2,1458.4,Café
36,27,44,5.9,29.5,40.7,938.1,Manioc
75,27,44,5.5,25.6,100.0,2244.2,Cacao
47,30,29,6.8,36.5,28.8,537.0,Sorgho
24,57,30,7.1,22.8,38.3,855.8,Soja
31,70,24,6.3,25.2,45.2,893.6,Soja
33,53,30,6.8,21.0,36.4,539.8,Soja
26,62,31,6.6,23.7,34.5,744.9,Soja
97,45,38,6.7,30.3,76.6,1368.7,Riz
36,67,31,6.3,22.2,47.5,843.9,Soja
38,27,29,6.8,30.0,36.8,583.3,Sorgho
37,31,33,7.4,34.3,35.0,548.8,Sorgho
50,26,31,7.4,31.2,35.1,520.1,Sorgho
139,51,52,6.6,27.3,39.9,810.2,Coton
41,21,40,5.8,30.4,42.1,941.6,Manioc
49,24,28,6.9,29.6,32.4,634.9,Sorgho
51,41,42,5.7,26.8,54.7,1229.8,Igname
117,49,37,5.9,31.3,35.5,868.7,Coton
81,30,43,5.6,22.7,84.5,1878.1,Café
117,56,42,6.1,32.9,49.4,1124.9,Coton
82,43,22,6.8,22.3,27.3,585.8,Maïs
79,43,24,6.2,21.8,44.6,714.5,Maïs
80,29,58,5.2,22.2,72.8,1630.1,Café
89,27,56,5.5,22.2,87.7,1748.0,Café
117,52,36,5.9,29.0,55.5,1127.1,Coton
75,44,42,5.7,26.0,100.0,2192.1,Cacao
66,39,46,6.1,29.3,49.2,1156.6,Igname
28,60,19,7.1,27.1,52.6,946.8,Soja
79,35,66,5.2,22.9,83.2,1785.8,Café
38,23,31,5.5,26.3,59.3,1006.1,Manioc
85,42,38,5.2,31.1,64.8,1424.4,Riz
58,38,54,5.5,20.4,77.8,1672.5,Café
57,12,40,5.4,26.2,53.8,1001.8,Manioc
73,31,54,5.3,22.4,90.0,1884.9,Café
71,39,36,5.6,23.7,98.6,2147.6,Cacao
76,48,41,5.7,20.6,45.8,917.4,Riz
27,64,32,6.6,24.2,31.9,790.9,Soja
32,30,28,6.3,27.0,33.5,667.1,Sorgho
107,44,38,5.9,29.9,46.4,750.3,Coton
74,21,35,5.6,20.2,94.3,1726.9,Café
83,48,22,6.2,21.2,38.6,673.1,Maïs
42,28,32,6.8,26.5,42.0,770.3,Sorgho
117,48,36,6.2,30.4,44.1,683.1,Coton
77,40,20,6.1,22.3,55.4,942.1,Maïs
74,48,31,5.5,26.0,67.2,1513.2,Riz
50,35,40,5.9,35.5,59.5,1122.2,Riz
37,52,29,6.7,25.4,34.5,822.6,Soja
114,43,44,6.1,30.3,20.0,571.9,Coton
55,42,50,5.6,28.5,62.5,1249.2,Igname
70,47,53,5.8,29.1,68.9,1245.4,Igname
58,38,53,5.7,25.9,100.0,2141.3,Cacao
65,45,40,5.7,23.3,100.0,2475.2,Cacao
61,21,32,5.7,27.2,59.3,1082.7,Manioc
72,42,47,5.5,24.7,100.0,2067.6,Cacao
73,50,41,6.2,28.6,91.2,1649.3,Riz
43,29,34,5.7,26.0,35.4,620.8,Sorgho
67,50,23,7.0,25.3,34.9,522.4,Maïs
42,20,40,5.3,27.9,38.6,777.2,Manioc
44,20,37,7.2,29.7,23.9,560.4,Sorgho
59,46,46,5.7,25.6,72.7,1493.6,Riz
43,23,30,5.3,30.5,56.1,1225.3,Manioc
76,33,50,6.0,18.7,76.3,1609.2,Café
91,25,58,5.5,20.2,81.2,1431.9,Café
50,41,47,5.8,25.9,91.7,1956.9,Cacao
27,43,33,7.2,27.9,36.5,722.9,Soja
76,48,25,7.0,30.2,50.8,983.2,Maïs
64,36,47,5.7,25.8,91.1,1648.9,Cacao
110,51,36,6.5,33.0,36.7,925.2,Coton
56,24,32,5.9,27.8,56.4,964.6,Manioc
79,48,37,5.8,34.7,72.9,1531.0,Riz
129,50,41,6.2,33.6,53.8,910.2,Coton
57,52,46,5.9,24.5,100.0,2233.3,Cacao
69,38,51,6.2,27.6,59.8,1222.4,Igname
41,21,33,5.7,28.5,44.1,988.4,Manioc
50,33,24,5.8,32.4,33.1,631.3,Sorgho
70,34,41,5.6,25.8,58.7,1296.9,Cacao
43,36,20,7.6,25.3,37.3,640.9,Sorgho
68,44,43,5.8,22.8,100.0,2006.3,Cacao
31,59,35,7.1,30.5,40.0,786.2,Soja
34,57,32,6.9,27.2,38.5,685.1,Soja
32,53,24,6.4,23.4,38.1,741.2,Soja
80,40,18,7.0,26.0,37.1,809.3,Maïs
37,53,36,7.1,26.9,38.8,883.2,Soja
89,41,26,6.1,30.2,51.1,989.2,Maïs
44,25,24,6.2,28.2,35.9,594.2,Sorgho
38,24,38,5.4,26.0,41.2,853.9,Manioc
26,65,23,7.2,23.3,30.9,782.4,Soja
57,39,43,5.7,25.1,96.5,2082.3,Cacao
51,26,46,6.1,29.8,47.5,1030.2,Manioc
66,46,55,6.1,27.5,57.0,988.0,Igname
72,42,44,6.0,30.2,70.1,1479.8,Igname
55,50,34,6.0,34.2,79.4,1617.8,Riz
49,29,29,7.1,29.0,20.8,538.2,Sorgho
90,58,25,7.1,26.4,36.5,704.1,Maïs
77,37,38,5.7,22.6,100.0,2146.5,Cacao
34,56,26,6.2,25.2,25.6,643.2,Soja
74,43,47,6.0,21.9,76.9,1518.7,Cacao
88,47,17,6.7,26.7,33.6,606.7,Maïs
40,16,41,5.6,27.3,50.7,1108.2,Manioc
78,49,23,6.6,29.8,30.5,657.8,Maïs
30,56,21,6.9,24.1,27.4,689.8,Soja
73,43,42,6.3,27.0,100.0,2348.7,Cacao
47,36,52,5.8,28.1,60.6,1113.7,Igname
36,24,42,5.5,28.5,44.9,943.0,Manioc
62,63,35,6.3,24.2,78.1,1679.5,Riz
79,27,46,5.8,22.6,87.7,1647.8,Café
63,41,44,5.9,29.2,96.9,1892.1,Riz
69,38,37,6.2,27.0,63.3,1454.4,Riz
22,40,37,6.9,22.9,28.8,762.0,Soja
71,31,55,5.3,23.3,78.3,1758.2,Café
66,41,52,6.0,23.9,91.4,1973.8,Cacao
135,55,41,6.0,26.7,32.5,774.3,Coton
34,30,34,7.8,31.1,30.4,710.0,Sorgho
130,49,37,6.0,28.4,43.5,898.8,Coton
62,42,42,5.8,24.7,100.0,2258.1,Cacao
109,52,51,6.3,33.2,35.2,806.6,Coton
88,49,43,5.8,25.7,80.1,1729.6,Riz
68,44,42,5.6,28.2,65.0,1283.7,Igname
44,25,39,5.9,30.7,39.8,870.3,Manioc
28,61,26,6.8,30.2,49.0,835.9,Soja
58,36,41,6.0,25.3,100.0,1949.6,Cacao
82,46,21,6.0,24.2,28.9,676.6,Maïs
62,33,46,6.1,26.0,52.5,1201.5,Igname
61,51,45,6.5,29.1,90.2,1677.3,Riz
60,42,44,5.7,23.9,85.9,1831.6,Cacao
51,39,37,5.5,26.6,100.0,2084.5,Cacao
79,43,26,6.4,29.2,26.6,611.2,Maïs
132,53,39,7.0,31.4,37.5,801.7,Coton
66,46,28,6.1,24.4,40.6,678.3,Maïs
43,44,55,6.0,25.8,69.2,1261.7,Igname
77,51,48,5.5,30.1,84.0,1550.4,Riz
42,32,30,6.5,30.9,40.4,732.9,Sorgho
73,32,54,5.7,20.1,94.6,1797.4,Café
48,17,39,5.4,28.2,47.6,1044.0,Manioc
41,26,27,6.8,29.6,24.2,659.1,Sorgho
68,40,39,6.3,22.6,78.3,1709.3,Riz
101,54,38,6.6,30.8,58.3,1129.9,Coton
63,40,50,6.4,26.7,61.9,1172.6,Igname
53,27,62,5.3,24.8,91.9,1722.2,Café
70,48,51,5.5,21.3,87.9,1707.5,Café
60,34,38,6.1,29.0,61.5,1221.3,Igname
70,44,42,6.3,27.9,68.8,1564.5,Riz
59,51,48,6.8,29.2,68.4,1504.0,Riz
41,39,39,6.3,30.5,24.2,491.1,Sorgho
40,22,31,6.1,29.3,34.6,581.1,Sorgho
47,21,44,5.7,31.0,43.6,1016.6,Manioc
70,42,46,5.7,27.3,79.6,1676.3,Riz
105,45,40,6.5,33.6,51.9,886.9,Coton
82,50,37,6.0,22.5,71.5,1407.3,Riz
51,28,35,7.0,29.7,36.1,897.2,Sorgho
74,43,25,6.1,25.2,46.0,801.3,Maïs
42,31,36,6.2,24.5,38.9,580.1,Sorgho
119,55,41,6.3,28.5,43.3,824.0,Coton
35,30,26,7.1,24.7,31.2,501.7,Sorgho
76,38,60,5.4,21.6,90.2,1728.2,Café
70,45,40,6.0,28.8,100.0,2134.5,Riz
90,49,23,6.3,24.1,39.4,738.3,Maïs
87,45,15,5.8,23.5,34.8,657.4,Maïs
52,44,41,6.2,26.2,62.7,1163.6,Igname
58,43,42,6.1,27.6,83.9,1664.5,Riz
108,48,40,6.6,28.4,40.6,760.2,Coton
124,54,43,5.8,35.3,52.4,1063.5,Coton
32,55,30,6.5,25.0,50.9,821.7,Soja
83,38,25,6.5,25.9,36.0,734.7,Maïs
68,39,42,5.7,25.9,46.6,1070.8,Igname
88,37,41,5.9,22.4,63.2,1274.5,Riz
51,20,34,5.6,29.1,47.6,982.1,Manioc
43,25,41,4.6,27.6,58.1,1082.9,Manioc
77,46,48,5.7,28.0,68.7,1355.9,Igname
82,40,47,5.5,20.4,73.1,1648.4,Café
53,20,32,6.6,32.6,38.4,679.2,Sorgho
60,32,29,5.6,25.7,100.0,2065.8,Cacao
127,49,36,6.3,30.2,49.3,800.4,Coton
120,49,40,6.6,31.3,50.4,969.2,Coton
29,55,36,6.7,27.2,32.2,819.6,Soja
36,28,32,6.9,28.1,37.7,553.6,Sorgho
42,22,38,6.2,26.6,36.3,834.2,Manioc
128,63,39,6.3,29.7,46.3,1004.6,Coton
68,38,49,6.7,25.2,92.9,1958.2,Cacao
67,38,45,5.2,25.9,100.0,2129.2,Cacao
81,28,47,5.7,23.5,87.9,1759.2,Café
69,45,52,6.4,29.0,46.5,1010.0,Igname
56,62,41,6.3,26.1,97.2,1831.4,Riz
73,41,46,6.2,27.0,57.8,1127.5,Igname
49,40,51,5.9,26.9,69.9,1229.9,Igname
24,59,26,7.2,23.8,59.4,1074.4,Soja
62,28,17,6.5,34.9,22.6,634.7,Sorgho
102,40,45,5.6,30.2,32.9,725.5,Coton
80,35,43,5.7,23.6,100.0,2088.8,Café
42,22,32,6.0,30.2,43.0,920.1,Manioc
53,37,39,5.9,27.6,54.3,1020.9,Igname
66,34,46,5.8,26.6,50.3,1177.6,Igname
73,53,26,6.8,22.0,20.9,617.6,Maïs
40,27,25,6.7,26.1,32.2,496.8,Sorgho
36,71,26,6.8,25.5,35.3,841.1,Soja
44,24,31,7.3,28.4,40.2,742.8,Sorgho
57,31,26,6.3,30.8,21.2,525.0,Sorgho
75,41,48,5.8,25.2,100.0,2144.6,Cacao
25,46,20,6.0,26.4,39.2,767.1,Soja
21,15,37,6.1,31.5,61.5,1086.3,Manioc
121,52,49,6.6,32.7,48.8,1094.9,Coton
80,23,57,5.8,22.3,96.0,1788.9,Café
81,56,32,6.5,24.4,94.8,1815.8,Riz
58,34,48,5.6,26.1,80.4,1802.2,Café
76,33,49,5.3,21.7,73.2,1617.6,Café
42,23,33,5.9,30.3,58.1,1142.6,Manioc
53,43,57,5.7,28.8,69.1,1257.5,Igname
69,36,49,6.2,27.5,62.2,1163.9,Igname
72,38,41,6.8,26.3,91.5,1844.4,Cacao
69,33,67,5.1,20.4,86.5,1592.5,Café
25,63,33,6.5,28.0,41.2,700.5,Soja
44,36,37,7.0,29.5,30.4,689.7,Sorgho
53,50,38,5.4,32.7,56.9,1067.4,Riz
30,24,49,5.7,27.4,43.2,931.8,Manioc
25,51,31,6.4,22.8,30.6,630.5,Soja
140,42,49,6.8,27.4,45.3,870.1,Coton
43,23,33,6.7,32.3,25.6,645.0,Sorgho
67,42,29,6.2,22.7,100.0,2032.2,Cacao
57,43,32,5.5,23.8,90.0,1627.6,Cacao
29,43,32,7.1,23.4,39.9,870.8,Soja
72,29,55,5.4,24.0,80.6,1664.2,Café
37,36,44,7.2,29.6,41.0,715.7,Sorgho
30,49,28,5.8,26.0,49.2,792.0,Soja
68,40,42,6.2,28.2,57.5,1207.5,Riz
66,26,48,5.6,22.9,89.2,1689.1,Café
38,19,33,5.4,30.4,39.0,890.5,Manioc
68,50,40,5.7,28.9,82.4,1662.2,Riz
62,42,40,5.3,27.7,64.0,1462.2,Riz
25,54,37,6.4,23.2,44.9,848.5,Soja
36,23,42,5.6,28.4,51.1,918.4,Manioc
70,39,52,6.5,25.0,86.3,1719.8,Cacao
44,25,29,7.3,32.1,23.8,587.1,Sorgho
60,40,52,5.9,27.3,68.0,1233.4,Igname
78,36,34,6.0,29.3,69.5,1273.6,Riz
47,25,25,7.1,28.2,25.1,543.6,Sorgho
59,36,47,6.1,27.1,65.6,1335.7,Igname
35,51,35,6.5,29.2,47.5,777.8,Soja
117,48,39,6.8,27.4,37.2,652.1,Coton
71,48,33,7.3,27.9,74.7,1615.3,Riz
138,51,49,6.5,27.5,47.5,1128.8,Coton
97,51,26,6.4,21.1,38.9,598.8,Maïs
59,40,45,5.5,24.1,83.3,1609.8,Riz
79,34,71,5.6,22.8,91.9,1665.1,Café
61,45,42,6.4,28.3,56.8,1242.8,Riz
43,32,28,6.9,31.0,20.0,434.3,Sorgho
60,36,32,6.0,28.4,32.5,673.2,Sorgho
94,37,24,6.6,25.1,36.9,766.4,Maïs
40,23,39,5.6,27.6,53.1,1185.2,Manioc
40,21,48,5.0,28.1,49.2,1047.5,Manioc
76,38,41,6.1,29.6,51.9,1167.9,Riz
73,33,61,5.4,21.7,92.0,1714.1,Café
142,41,34,6.3,29.9,38.9,888.2,Coton
81,45,37,5.8,23.8,95.9,1806.6,Riz
69,52,29,6.9,25.7,28.9,739.9,Maïs
88,43,38,6.2,28.5,56.9,1174.2,Riz
56,36,30,5.5,23.9,89.2,1675.5,Cacao
76,49,37,6.9,26.5,60.0,1055.4,Riz
76,31,54,5.7,19.2,86.2,1743.8,Café
57,41,54,5.3,27.6,94.2,1744.3,Cacao
75,47,31,6.2,24.0,42.2,866.5,Maïs
63,50,23,6.2,23.8,36.9,727.4,Maïs
68,56,44,6.7,22.2,64.0,1450.1,Riz
35,44,26,6.4,28.4,44.8,734.9,Soja
73,36,49,5.5,27.2,99.5,1963.0,Cacao
121,47,39,6.7,29.4,50.2,890.9,Coton
50,33,28,6.5,27.4,34.6,579.0,Sorgho
27,47,33,6.7,20.7,36.0,895.0,Soja
73,48,24,6.9,24.6,46.4,803.6,Maïs
65,30,64,5.3,20.4,68.8,1527.0,Café
60,47,53,5.4,26.4,100.0,2643.2,Cacao
75,46,24,7.5,25.4,49.2,817.0,Maïs
33,59,26,6.7,26.3,34.9,784.3,Soja
78,36,45,5.7,23.7,80.3,1615.8,Cacao
68,40,34,6.2,27.1,81.6,1769.3,Riz
79,38,24,6.5,25.0,54.4,1012.3,Maïs
34,26,44,4.9,30.8,41.8,890.3,Manioc
56,39,50,6.3,29.6,69.5,1244.7,Igname
74,59,20,5.6,25.9,30.4,678.8,Maïs
86,49,17,6.3,17.5,50.3,868.5,Maïs
38,22,40,5.4,31.2,54.6,1021.3,Manioc
86,31,41,5.6,21.6,86.7,1720.1,Café
81,52,26,7.4,22.7,38.9,757.9,Maïs
23,54,29,7.0,20.2,42.9,722.5,Soja
123,45,36,6.3,30.6,54.4,1074.4,Coton
62,50,49,5.9,26.8,73.2,1335.6,Igname
69,37,57,5.8,18.3,84.8,1731.4,Café
55,16,39,5.3,33.0,43.3,1037.3,Manioc
68,43,51,6.1,25.6,90.7,1923.6,Cacao
120,48,27,6.0,31.5,28.3,683.7,Coton
78,55,38,6.5,25.2,62.1,1126.9,Riz
51,26,34,5.8,28.1,25.3,655.7,Sorgho
61,23,64,5.4,24.6,95.3,1753.7,Café
63,29,43,5.8,21.3,97.4,1762.6,Café
29,66,38,7.4,25.8,37.6,641.1,Soja
139,52,38,6.2,27.8,43.7,939.5,Coton
75,34,63,6.0,24.1,84.1,1757.9,Café
94,50,21,7.0,25.6,22.0,490.5,Maïs
59,58,47,5.6,29.9,98.2,2112.1,Riz
99,49,34,5.8,26.8,39.3,880.2,Coton
42,26,37,5.8,31.2,52.4,1038.6,Manioc
27,57,36,6.6,23.7,37.7,918.1,Soja
78,49,21,7.1,25.7,34.1,598.0,Maïs
129,55,43,5.9,29.3,42.4,983.1,Coton
51,16,37,6.0,26.2,29.6,769.8,Manioc
56,34,53,6.2,26.7,100.0,2156.3,Cacao
74,35,49,5.3,23.3,73.6,1608.4,Café
75,52,25,6.1,21.8,20.5,568.5,Maïs
108,48,43,6.5,28.5,57.0,963.9,Coton
48,27,25,6.7,31.7,40.8,659.5,Sorgho
32,54,32,7.6,23.7,40.2,738.9,Soja
140,47,41,5.7,23.6,45.9,1014.8,Coton
43,33,34,6.1,25.4,35.1,580.8,Sorgho
35,50,37,6.8,23.9,22.4,588.5,Soja
87,35,47,5.9,23.6,79.8,1790.8,Café
74,50,24,6.7,22.6,34.0,691.4,Maïs
63,37,36,5.4,24.2,97.6,1917.2,Cacao
62,45,38,5.9,33.4,75.8,1519.9,Riz
46,23,44,6.1,31.0,59.3,1016.6,Manioc
78,36,53,5.3,23.5,66.8,1494.4,Café
45,33,34,5.4,27.7,25.4,469.0,Sorgho
61,45,46,5.5,25.4,100.0,2229.0,Cacao
76,34,52,6.1,28.7,64.3,1171.1,Igname
67,39,21,6.5,23.5,33.2,590.2,Maïs
75,42,20,6.3,26.0,43.2,1002.1,Maïs
65,46,45,5.0,27.8,74.9,1587.9,Riz
34,41,31,7.3,34.1,31.9,501.6,Sorgho
43,27,42,6.1,26.6,47.0,978.3,Manioc
61,36,39,6.2,23.4,96.7,1766.1,Cacao
69,57,23,7.0,26.7,36.0,834.2,Maïs
57,52,22,6.5,22.5,33.8,866.0,Maïs
68,50,37,6.9,30.0,76.8,1652.3,Riz
69,35,36,5.8,22.3,71.5,1624.9,Riz
44,41,49,6.2,28.4,76.2,1430.4,Igname
119,53,32,6.1,29.0,63.1,1135.2,Coton
57,38,54,6.2,25.1,65.5,1269.2,Igname
21,64,40,6.5,26.6,37.1,767.0,Soja
86,31,73,5.3,23.7,99.7,2059.1,Café
73,31,68,6.0,19.9,99.3,1886.0,Café
66,34,43,5.4,22.2,100.0,2092.3,Cacao
37,32,31,6.1,29.5,21.4,559.1,Sorgho
78,56,36,4.6,33.1,84.9,1671.1,Riz
68,53,38,5.5,30.6,89.7,1714.1,Riz
64,38,34,5.9,24.6,84.6,1861.7,Riz
121,56,44,5.9,29.2,65.2,1107.9,Coton
83,42,34,5.7,27.9,70.0,1362.4,Riz
37,26,28,6.2,29.6,25.1,480.5,Sorgho
31,63,29,6.6,26.9,40.0,733.7,Soja
33,23,38,5.7,29.4,47.9,877.8,Manioc
37,21,36,6.0,30.2,39.5,947.3,Manioc
89,40,20,7.1,25.3,39.8,674.8,Maïs
63,42,42,5.7,22.6,93.0,1664.5,Riz
46,30,27,5.7,31.7,42.1,659.7,Sorgho
125,55,45,6.4,30.1,41.9,909.9,Coton
39,26,40,6.2,29.0,51.8,1037.7,Manioc
44,31,45,6.2,28.3,51.7,852.5,Manioc
55,44,44,6.0,26.7,100.0,2170.5,Cacao
34,16,36,5.6,27.6,43.6,880.3,Manioc
70,45,21,6.3,27.4,32.8,835.4,Maïs
73,36,54,5.6,22.6,87.3,1615.1,Café
80,49,22,6.6,24.7,35.4,799.9,Maïs
19,64,27,7.1,26.6,39.6,734.1,Soja
79,34,60,5.7,21.8,89.0,1884.4,Café
122,55,38,5.8,30.1,72.3,1361.7,Coton
74,30,56,5.7,20.4,78.4,1605.8,Café
66,56,23,6.4,25.3,32.9,622.3,Maïs
57,32,44,5.8,26.0,57.5,1298.4,Igname
39,61,37,7.2,23.9,37.9,761.6,Soja
91,41,25,6.7,22.4,42.4,756.0,Maïs
46,23,40,6.1,29.2,47.9,1033.5,Manioc
77,40,23,5.9,25.4,40.5,786.2,Maïs
70,59,38,5.9,31.6,82.6,1511.6,Riz
57,31,47,5.8,28.8,80.7,1462.3,Igname
92,48,25,5.5,25.9,33.5,566.5,Maïs
73,29,49,5.7,27.2,60.3,1101.8,Igname
82,33,49,5.1,20.5,85.1,1634.7,Café
77,28,65,5.6,21.2,89.4,1629.3,Café
28,30,23,6.9,28.2,43.4,759.5,Sorgho
79,32,21,6.6,23.9,33.1,800.5,Maïs
67,40,21,6.1,24.1,33.6,597.5,Maïs
56,32,48,6.0,27.3,65.7,1213.9,Igname
72,36,41,5.9,26.3,75.6,1440.3,Igname
71,37,42,5.8,26.6,67.8,1197.0,Igname
70,32,49,5.7,21.0,95.7,1800.0,Café
44,24,38,5.6,26.3,49.1,1121.8,Manioc
115,47,39,6.2,28.3,58.7,1091.4,Coton
49,37,39,7.3,32.7,36.5,550.1,Sorgho
70,38,46,6.0,23.3,100.0,2154.5,Cacao
68,38,22,7.2,21.0,35.1,695.7,Maïs
42,25,42,5.8,29.4,53.6,999.2,Manioc
70,27,59,5.5,18.5,86.6,1906.2,Café
72,37,54,5.3,20.9,92.6,1742.5,Café
72,21,51,5.3,18.4,71.4,1589.7,Café
42,22,37,5.3,30.8,37.4,632.7,Sorgho
66,41,37,6.2,22.1,72.1,1626.9,Riz
34,50,33,6.4,30.1,51.4,919.4,Soja
69,34,41,5.8,26.7,47.2,970.4,Igname
39,21,46,5.5,29.9,46.2,1032.0,Manioc
82,41,20,6.5,22.2,43.0,826.6,Maïs
42,29,34,6.5,27.0,26.5,391.6,Sorgho
83,49,31,5.8,32.3,34.1,782.9,Riz
78,23,47,5.3,21.4,93.1,1728.6,Café
41,31,28,6.9,25.5,34.4,529.8,Sorgho
35,20,35,5.4,29.9,61.3,1114.8,Manioc
78,48,18,6.4,23.2,25.6,671.6,Maïs
68,44,17,6.5,28.2,40.4,780.3,Maïs
117,46,40,6.4,26.1,31.6,818.6,Coton
22,60,33,6.5,23.8,41.8,910.2,Soja
71,38,28,5.3,25.7,100.0,2154.0,Cacao
41,25,22,7.0,28.9,27.2,633.8,Sorgho
46,25,45,5.5,28.4,57.4,1132.9,Manioc
78,29,32,5.4,23.6,83.0,1667.4,Café
83,27,43,5.6,21.5,98.9,1833.3,Café
133,48,36,5.9,25.7,39.5,914.5,Coton
32,60,23,6.5,22.0,32.5,820.4,Soja
47,20,42,6.1,26.1,38.4,923.8,Manioc
67,52,29,6.1,24.3,29.8,751.4,Maïs
73,31,47,5.6,27.9,81.2,1741.1,Cacao
38,29,25,7.5,30.6,30.4,517.4,Sorgho
30,47,33,7.5,26.0,45.0,899.9,Soja
92,28,40,5.7,20.5,85.9,1916.4,Café
136,50,40,6.4,29.1,34.1,821.8,Coton
30,47,30,6.2,23.0,40.2,733.5,Soja
62,45,42,5.6,27.6,88.0,1635.6,Riz
29,46,28,6.7,29.1,24.3,636.8,Soja
65,24,29,6.1,32.1,21.5,446.7,Sorgho
72,38,23,6.6,27.2,22.9,596.1,Maïs
42,26,27,5.9,30.1,49.2,1039.4,Manioc
63,25,51,5.5,21.3,86.9,1731.9,Café
76,23,45,5.4,25.4,89.5,1648.4,Café
75,43,18,6.2,25.2,33.2,656.0,Maïs
51,12,39,6.0,30.9,44.1,991.9,Manioc
119,54,30,6.0,25.7,31.7,803.6,Coton
74,49,41,6.4,29.3,68.2,1337.5,Riz
68,39,49,5.7,28.6,69.6,1432.0,Igname
69,51,43,6.1,32.7,67.7,1416.4,Riz
28,48,33,6.3,23.0,34.1,766.8,Soja
123,53,45,5.7,30.8,46.2,862.4,Coton
87,22,61,5.4,21.5,85.4,1736.1,Café
113,48,43,5.6,29.6,38.5,792.7,Coton
84,39,15,6.7,24.3,54.5,895.1,Maïs
30,59,34,6.3,27.1,53.5,876.0,Soja
31,52,34,6.7,27.0,41.6,846.7,Soja
35,48,25,6.9,25.1,51.8,962.5,Soja
112,48,40,6.4,31.3,29.3,782.4,Coton
75,51,41,6.1,27.7,100.0,2191.5,Riz
30,54,25,6.6,25.1,41.0,695.6,Soja
130,52,40,6.6,27.5,35.8,632.7,Coton
61,34,37,5.1,25.2,93.8,1756.4,Cacao
38,60,31,6.6,23.8,29.4,586.7,Soja
134,56,41,6.2,29.7,42.2,998.6,Coton
26,56,41,6.6,20.7,46.1,948.6,Soja
56,46,46,5.8,26.7,61.5,1331.5,Riz
34,25,37,7.9,27.0,28.2,412.6,Sorgho
72,32,47,5.4,23.5,89.1,1848.2,Café
58,33,20,6.3,28.8,29.1,592.2,Sorgho
58,44,41,5.4,24.2,100.0,2230.3,Cacao
66,31,62,5.3,21.8,84.6,1889.3,Café
80,32,57,5.4,20.7,76.7,1711.2,Café
53,42,52,5.6,26.7,64.4,1380.8,Igname
23,54,31,6.9,26.7,42.6,767.2,Soja
47,23,39,5.8,29.1,46.1,932.5,Manioc
31,33,33,6.9,33.1,20.5,506.7,Sorgho
49,30,25,7.3,29.2,28.0,643.6,Sorgho
76,61,36,6.9,21.4,81.9,1773.4,Riz
55,25,24,6.4,34.1,29.4,670.9,Sorgho
74,33,58,5.8,22.2,92.7,1671.7,Café
32,61,36,7.3,24.6,47.6,1032.5,Soja
72,31,79,5.8,21.3,82.0,1586.9,Café
33,35,26,7.7,29.9,36.6,730.1,Sorgho
32,75,26,7.3,25.3,36.3,569.0,Soja
39,20,22,6.9,28.5,39.1,708.2,Sorgho
63,26,58,5.9,20.3,85.6,1659.9,Café
56,43,47,5.9,25.5,90.6,1931.6,Cacao
50,43,37,6.0,27.2,79.7,1564.5,Cacao
81,49,15,6.6,25.3,51.9,972.7,Maïs
70,31,51,4.9,21.6,100.0,2089.0,Café
76,50,19,6.6,24.2,28.7,733.1,Maïs
72,31,61,5.3,22.5,80.9,1805.1,Café
29,48,30,6.9,22.3,43.8,866.4,Soja
53,39,49,6.2,30.0,55.5,1045.1,Igname
59,40,58,4.9,26.9,100.0,2079.4,Cacao
118,51,39,6.2,27.6,40.5,964.8,Coton
26,56,30,7.1,29.6,39.7,916.0,Soja
40,18,35,5.5,27.8,55.5,995.9,Manioc
57,40,36,5.8,25.3,72.4,1318.5,Igname
87,58,24,5.4,24.1,55.0,919.2,Maïs
51,41,45,5.8,27.2,64.2,1381.2,Igname
70,29,52,5.7,22.0,85.7,1750.9,Café
65,38,52,5.9,28.0,62.8,1404.7,Igname
40,28,36,5.4,26.6,53.0,1101.2,Manioc
70,45,43,5.7,22.2,91.1,1828.8,Cacao
65,33,61,5.7,17.6,89.7,1769.0,Café
34,46,42,6.6,27.4,51.1,826.3,Soja
28,51,21,7.9,27.2,57.3,1018.9,Soja
33,54,33,6.6,23.2,45.9,993.7,Soja
51,34,53,5.5,26.8,53.9,1147.0,Igname
50,34,18,6.7,24.6,28.5,598.7,Sorgho
60,38,49,6.4,28.1,59.9,1241.0,Igname
47,41,47,6.1,25.5,73.5,1493.1,Igname
86,35,25,6.5,21.4,44.6,861.3,Maïs
28,29,21,6.9,22.0,43.9,771.7,Soja
117,49,45,6.1,29.8,47.3,960.8,Coton
62,23,39,5.9,29.4,43.2,994.8,Manioc
123,45,41,6.2,31.0,35.2,855.4,Coton
38,28,26,6.9,29.1,36.6,572.5,Sorgho
60,41,48,5.8,28.5,56.7,1219.6,Igname
52,38,51,5.5,27.6,100.0,2094.7,Cacao
65,31,44,5.7,24.8,100.0,2172.1,Cacao
74,48,42,6.4,31.2,63.3,1380.5,Riz
65,55,33,6.1,25.9,86.7,1723.7,Riz
43,32,31,6.6,30.1,20.0,594.4,Sorgho
37,48,28,7.3,22.9,30.5,767.1,Soja
44,28,27,7.5,31.5,29.3,674.5,Sorgho
84,28,51,5.3,19.0,82.8,1842.1,Café
75,31,65,5.6,23.3,90.4,1910.3,Café
41,45,47,6.1,27.0,61.2,1237.5,Igname
55,28,35,6.4,30.1,23.1,535.0,Sorgho
63,33,40,5.7,26.3,87.5,1722.1,Cacao
86,44,18,6.4,22.0,28.1,531.8,Maïs
36,23,32,5.7,28.1,36.6,877.1,Manioc
24,54,19,6.9,25.7,35.1,760.2,Soja
27,52,23,6.4,25.5,39.3,799.0,Soja
44,27,25,8.0,28.3,39.6,683.0,Sorgho
77,31,56,5.8,21.2,80.5,1764.2,Café
120,55,42,6.6,32.8,58.0,1085.8,Coton
73,39,52,5.6,27.6,59.4,1170.6,Igname
53,32,44,5.7,27.3,52.5,1049.7,Igname
94,43,20,6.3,27.7,41.6,689.1,Maïs
113,46,38,6.8,30.3,38.2,956.8,Coton
91,45,35,5.7,25.9,70.9,1481.0,Riz
68,27,58,5.4,23.4,71.7,1611.6,Café
47,24,48,6.0,28.7,62.7,1154.1,Manioc
81,51,19,7.1,25.2,46.8,775.1,Maïs
84,28,54,5.3,21.4,100.0,1848.9,Café
52,40,51,6.0,25.8,57.4,1132.7,Igname
57,42,54,6.0,28.8,66.6,1421.9,Igname
33,24,47,6.4,24.6,53.9,879.0,Manioc
76,28,56,5.7,22.1,96.5,1905.7,Café
61,45,40,5.8,34.6,80.5,1464.6,Riz
56,37,51,6.0,26.4,55.4,1305.0,Igname
55,28,37,5.9,30.4,42.6,861.5,Manioc
72,34,46,5.8,27.2,62.5,1233.1,Igname
65,39,38,5.8,23.6,100.0,1969.5,Cacao
69,43,28,5.8,27.7,96.9,1745.5,Cacao
124,46,44,6.7,30.7,48.1,1098.6,Coton
24,78,24,6.2,26.2,39.2,645.2,Soja
81,40,48,6.0,26.3,90.9,2004.3,Cacao
45,19,41,5.6,31.2,48.9,898.3,Manioc
78,51,22,6.2,25.1,53.0,875.8,Maïs
73,30,56,5.4,20.6,88.5,1940.4,Café
76,51,51,7.0,30.5,85.6,1841.5,Riz
25,46,23,6.8,24.9,47.4,910.5,Soja
50,30,36,7.2,32.3,36.7,678.4,Sorgho
63,41,57,5.7,27.8,55.9,1198.0,Igname
60,41,54,5.9,26.4,64.7,1353.6,Igname
83,43,43,6.6,25.7,61.1,1164.8,Riz
41,30,25,6.0,31.9,41.4,718.4,Sorgho
31,49,25,6.1,20.9,48.7,1010.8,Soja
76,61,26,6.6,24.6,58.5,998.8,Maïs
69,35,56,5.6,22.2,89.5,1901.8,Café
78,51,39,5.6,24.8,64.0,1407.1,Riz
67,47,42,5.4,27.0,91.5,1980.0,Cacao
84,45,24,7.0,22.1,45.9,733.4,Maïs
67,47,21,6.7,19.9,38.6,773.6,Maïs
45,34,35,5.8,35.4,21.8,599.7,Sorgho
52,32,55,5.7,28.5,62.0,1188.8,Igname
52,22,44,6.0,26.8,44.6,918.3,Manioc
49,30,19,6.8,32.5,38.8,603.9,Sorgho
48,32,31,5.4,27.5,78.5,1679.0,Cacao
52,34,57,6.0,24.6,65.1,1397.7,Igname
88,43,43,5.7,31.6,50.7,1201.2,Riz
51,33,48,5.9,29.0,60.6,1361.3,Igname
45,21,37,6.2,27.2,51.8,938.0,Manioc
25,53,36,7.0,26.7,47.8,863.6,Soja
41,28,33,6.7,28.0,26.8,646.7,Sorgho
60,43,49,5.3,28.1,100.0,2165.6,Cacao
51,27,27,7.0,30.1,20.0,499.7,Sorgho
80,43,21,7.2,22.7,36.9,935.6,Maïs
64,47,42,5.9,23.6,61.6,1109.1,Riz
79,26,52,5.6,21.6,84.8,1719.1,Café
26,60,30,7.0,25.3,46.8,989.1,Soja
100,28,15,6.2,22.1,24.5,654.6,Maïs
67,42,49,6.1,27.2,61.2,1262.6,Igname
80,50,21,6.1,28.0,20.0,461.1,Maïs
93,27,43,5.5,21.3,95.7,1801.0,Café
71,59,28,6.8,26.3,44.8,884.8,Maïs
71,18,56,5.3,23.6,85.3,1819.3,Café
65,46,38,5.3,30.3,45.4,1089.1,Riz
57,36,50,6.1,28.5,72.5,1266.0,Igname
123,46,39,6.2,24.6,53.3,1170.7,Coton
75,41,45,6.6,22.9,62.6,1185.5,Riz
92,53,14,7.3,28.2,35.0,575.9,Maïs
77,32,45,5.6,24.2,95.0,1951.9,Café
26,24,37,5.5,29.2,50.5,830.3,Manioc
76,33,75,5.4,21.2,68.7,1550.8,Café
86,49,38,5.1,25.6,92.1,1667.4,Riz
26,53,21,6.3,23.7,33.3,851.8,Soja
52,33,24,7.2,32.1,36.4,638.0,Sorgho
91,46,21,6.1,28.8,27.8,563.6,Maïs
74,49,26,6.8,22.8,44.9,905.6,Maïs
63,48,42,6.4,30.6,65.4,1198.0,Riz
108,54,28,6.0,31.4,24.2,623.0,Coton
42,33,31,6.8,32.7,20.9,540.0,Sorgho
60,34,53,5.3,25.7,100.0,1856.7,Cacao
75,48,40,6.3,27.9,96.9,1803.7,Riz
64,38,28,6.9,28.5,43.3,698.6,Maïs
41,25,30,6.3,32.5,36.0,711.7,Sorgho
105,56,38,6.9,26.6,34.7,720.7,Coton
54,37,39,5.7,25.1,97.0,1846.6,Cacao
111,47,41,6.3,29.0,32.2,767.2,Coton
67,43,62,6.2,25.4,100.0,2380.8,Cacao
106,59,41,6.0,32.6,51.0,1062.4,Coton
53,31,45,6.1,28.3,42.8,968.3,Manioc
51,31,28,7.3,33.8,21.5,517.6,Sorgho
39,48,56,5.8,26.7,60.3,1342.7,Igname
70,42,55,6.3,26.2,59.3,1318.1,Igname
50,47,44,6.5,27.1,67.0,1433.2,Igname
43,23,43,5.6,28.7,51.6,1132.3,Manioc
33,18,45,5.7,28.7,41.3,764.6,Manioc
46,24,45,5.9,26.8,51.3,994.8,Manioc
52,26,29,7.4,29.6,32.8,625.2,Sorgho
41,28,30,7.1,31.5,29.5,693.7,Sorgho
119,52,40,7.0,30.3,45.9,865.3,Coton
68,44,46,5.8,27.1,100.0,2045.5,Cacao
68,39,42,6.1,26.2,67.6,1520.6,Igname
80,28,49,5.6,21.0,89.8,1906.9,Café
115,46,35,6.6,28.8,56.6,1114.9,Coton
47,24,33,5.9,27.7,44.2,932.3,Manioc
76,48,39,6.8,27.7,100.0,1933.5,Riz
48,16,45,5.9,26.1,51.7,1054.8,Manioc
47,31,52,6.4,26.3,59.6,1210.0,Igname
72,37,61,5.1,19.8,84.1,1735.7,Café
53,44,63,6.0,26.8,62.4,1108.8,Igname
109,49,35,6.8,28.8,50.3,984.7,Coton
124,58,41,6.1,30.7,43.4,849.4,Coton
39,22,41,6.1,24.1,51.6,952.1,Manioc
52,19,37,6.1,28.6,61.1,1131.6,Manioc
55,48,35,6.7,30.5,100.0,1880.4,Riz
56,17,38,5.9,28.1,37.3,831.1,Manioc
72,30,49,5.5,22.0,72.7,1625.3,Café
80,30,16,6.6,27.8,43.6,742.0,Maïs
86,48,18,7.4,22.9,48.5,951.0,Maïs
72,46,34,5.7,25.8,94.3,1697.6,Cacao
86,55,45,6.5,25.9,72.6,1590.6,Riz
37,21,40,6.2,26.7,59.1,1147.9,Manioc
108,45,51,6.2,30.3,49.3,955.5,Coton
75,27,60,5.0,22.3,96.6,1970.9,Café
29,51,29,7.2,19.2,37.5,765.3,Soja
31,56,36,6.3,25.1,41.9,798.4,Soja
70,34,51,5.6,20.2,80.2,1742.7,Café
29,58,31,7.0,25.5,29.3,676.9,Soja
71,47,28,7.2,27.5,46.9,887.7,Maïs
35,59,25,6.9,25.8,42.1,827.2,Soja
77,36,15,6.7,26.3,40.4,652.0,Maïs
59,40,49,6.1,24.3,52.9,1121.0,Igname
52,32,42,6.3,27.9,65.6,1341.0,Igname
41,19,47,5.4,29.5,47.7,977.7,Manioc
37,35,28,7.0,27.6,30.4,626.8,Sorgho
95,53,25,6.5,23.5,58.0,984.9,Maïs
112,47,43,6.4,31.9,50.1,1041.3,Coton
75,41,66,5.4,20.8,99.0,1799.1,Café
54,39,49,5.9,27.4,61.5,1275.2,Igname
77,30,48,5.5,22.3,87.1,1910.8,Café
76,47,40,6.8,26.1,67.1,1264.1,Riz
65,44,37,6.1,23.5,100.0,2006.6,Riz
25,46,35,6.4,28.0,28.3,603.4,Soja
41,25,25,5.9,27.2,57.2,1108.0,Manioc
38,21,42,5.4,26.6,52.0,921.5,Manioc
73,29,52,5.5,20.4,84.2,1676.1,Café
80,26,59,5.4,21.3,98.5,1798.0,Café
46,24,49,6.2,29.9,65.4,1171.7,Manioc
57,44,37,5.5,26.2,87.0,1645.9,Riz
47,19,32,5.6,29.8,32.2,721.4,Sorgho
48,26,30,6.5,27.3,20.0,533.7,Sorgho
65,58,22,7.5,23.9,35.0,677.4,Maïs
130,54,39,6.1,28.4,22.5,594.5,Coton
75,27,49,5.4,18.4,72.8,1524.9,Café
81,48,21,6.3,26.1,22.6,645.0,Maïs
61,27,48,5.3,21.4,89.8,1688.8,Café
67,45,20,6.8,26.2,35.9,652.4,Maïs
67,25,58,5.5,20.7,93.0,1941.8,Café
52,47,30,5.5,23.3,55.5,1204.3,Riz
42,38,50,6.2,23.8,76.9,1413.5,Igname
70,44,46,5.6,31.9,76.1,1642.5,Riz
125,41,40,5.9,32.7,39.6,595.4,Coton
15,48,30,7.0,25.2,46.1,721.9,Soja
69,35,45,5.4,22.3,83.9,1859.0,Café
82,36,56,5.8,25.2,83.1,1856.4,Cacao
55,41,37,5.5,26.9,100.0,2058.4,Cacao
60,46,44,6.0,29.9,63.5,1277.8,Igname
34,50,22,7.1,27.0,30.4,700.7,Soja
107,49,46,6.5,32.4,46.2,1105.4,Coton
67,35,46,5.2,25.5,100.0,2002.2,Cacao
74,34,51,5.8,27.9,62.5,1325.9,Igname
57,28,26,7.0,27.1,34.2,663.2,Sorgho
58,53,35,5.4,33.3,42.7,947.9,Riz
48,18,46,5.3,26.7,45.5,1024.7,Manioc
79,31,43,6.3,25.4,92.8,1755.3,Cacao
58,47,54,5.9,24.1,82.3,1721.1,Cacao
68,46,53,5.9,24.0,83.0,1835.8,Cacao
82,45,22,6.2,23.8,39.2,615.1,Maïs
32,37,27,6.5,23.9,44.3,886.8,Soja
63,51,36,5.2,25.1,76.0,1563.7,Riz
53,41,44,6.2,25.3,100.0,2170.1,Cacao
81,49,38,5.7,26.1,85.5,1909.1,Riz
52,33,44,6.1,28.2,43.4,915.4,Manioc
54,18,46,5.8,29.3,31.1,804.4,Manioc
41,24,29,6.0,31.5,53.8,1064.5,Manioc
48,40,42,5.9,25.0,71.6,1345.9,Igname
64,44,43,5.6,23.8,82.3,1549.0,Riz
65,28,53,5.9,28.1,56.1,1144.9,Igname
48,32,41,6.0,26.9,39.4,936.7,Manioc
40,53,21,6.6,20.4,36.2,759.6,Soja
65,35,42,5.8,25.6,100.0,2252.2,Cacao
40,26,36,6.2,30.6,26.6,455.5,Sorgho
115,56,36,6.4,25.3,45.9,814.2,Coton
67,41,59,5.2,22.6,90.0,1623.6,Cacao
75,50,43,5.5,19.5,99.3,1924.3,Riz
55,45,48,6.5,28.3,66.7,1288.1,Igname
70,52,20,6.2,27.1,60.6,1079.3,Maïs
70,34,39,5.9,27.4,93.6,2007.2,Cacao
117,47,41,6.2,29.1,50.3,1045.3,Coton
47,34,27,7.1,30.7,40.7,619.2,Sorgho
131,58,38,5.9,32.1,25.5,658.9,Coton
40,25,41,5.4,28.0,62.1,1065.1,Manioc
70,39,51,5.8,24.3,77.9,1584.2,Cacao
62,47,51,5.8,28.4,71.0,1422.0,Igname
58,38,44,6.2,28.5,48.5,1067.4,Igname
34,21,41,5.5,25.4,49.6,985.3,Manioc
80,56,17,7.3,26.9,38.1,739.1,Maïs
77,54,23,6.5,30.7,44.4,696.1,Maïs
74,50,50,6.7,25.8,70.9,1416.7,Riz
86,25,52,5.9,18.2,61.2,1412.3,Café
44,22,37,6.1,28.4,61.1,1133.7,Manioc
76,56,16,6.1,26.2,49.9,933.1,Maïs
72,38,43,6.0,27.5,70.3,1454.9,Riz
79,29,67,5.0,26.7,96.2,1845.5,Café
61,40,53,5.6,23.2,100.0,2220.8,Cacao
29,22,29,7.0,32.6,32.2,560.1,Sorgho
54,47,44,5.9,27.3,54.6,1148.2,Igname
61,44,36,5.5,21.5,63.0,1140.0,Riz
50,31,39,6.3,24.6,69.6,1523.1,Cacao
61,44,49,6.2,28.1,48.0,1140.1,Igname
90,42,46,5.7,31.5,69.7,1419.2,Riz
56,46,42,5.1,31.6,82.0,1638.6,Riz
70,20,67,5.0,20.5,92.8,1786.7,Café
39,26,45,5.4,29.5,59.5,995.8,Manioc
45,58,30,6.5,21.8,35.0,727.5,Soja
87,41,22,6.9,24.4,20.0,510.0,Maïs
52,28,31,6.4,31.1,22.7,536.1,Sorgho
68,35,45,5.9,27.5,57.7,1248.5,Igname
63,39,54,6.2,27.4,69.3,1368.5,Igname
34,43,25,6.6,22.2,31.1,764.5,Soja
56,37,56,5.6,27.7,57.8,1281.7,Igname
103,53,36,6.2,24.6,40.9,857.4,Coton
61,46,46,5.5,27.0,75.8,1392.6,Igname
78,46,46,6.2,27.5,74.6,1363.9,Igname
53,26,31,5.0,28.5,53.4,978.1,Manioc
54,41,43,5.6,23.5,100.0,2158.6,Cacao
68,49,24,6.8,21.9,29.9,486.8,Maïs
31,39,29,7.1,27.7,55.1,915.5,Soja
76,45,22,6.1,22.2,26.6,570.1,Maïs
50,35,51,5.8,28.5,61.8,1185.0,Igname
101,37,44,5.7,27.6,32.9,793.9,Coton
48,37,34,7.8,28.0,44.2,752.2,Sorgho
71,41,38,5.7,22.4,83.4,1820.9,Café
60,39,39,6.3,29.1,71.2,1592.2,Riz
134,49,32,6.6,32.1,44.5,963.0,Coton
57,21,30,7.0,33.2,38.8,582.8,Sorgho
40,29,24,6.6,32.1,37.8,705.9,Sorgho
70,30,65,5.8,23.8,83.8,1650.9,Café
64,23,57,5.5,20.4,83.5,1659.6,Café
86,35,66,5.3,20.6,96.7,1815.9,Café
125,45,42,6.5,32.3,31.6,821.8,Coton
61,41,59,5.8,29.1,62.5,1166.2,Igname
89,44,30,6.6,24.4,35.2,712.5,Maïs
78,49,46,6.7,23.7,70.4,1457.3,Riz
54,43,49,6.1,29.9,80.3,1460.6,Riz
90,39,34,5.6,28.9,100.0,2222.4,Riz
34,69,19,6.7,27.9,29.5,736.7,Soja
126,53,38,6.1,34.4,43.9,932.7,Coton
130,49,40,5.9,29.7,41.9,908.1,Coton
29,41,26,7.4,26.5,39.1,811.2,Soja
37,41,26,5.8,32.2,38.4,725.6,Soja
126,54,39,6.7,35.3,45.1,815.0,Coton
125,45,43,6.5,28.9,33.2,752.9,Coton
55,43,60,5.8,27.9,60.2,1140.5,Igname
71,38,59,5.8,24.4,89.7,1892.4,Cacao
79,50,27,6.4,25.5,33.0,727.1,Maïs
27,40,31,6.9,27.9,48.0,790.7,Soja
67,46,32,5.1,27.6,81.7,1704.9,Cacao
75,43,33,5.6,24.9,83.9,1720.1,Cacao
59,26,42,6.8,30.1,47.3,1024.2,Manioc
59,43,50,5.8,25.1,100.0,2390.3,Cacao
96,53,26,6.0,29.5,33.2,749.0,Maïs
75,37,23,7.5,26.8,42.2,760.5,Maïs
78,36,28,6.2,27.0,42.4,854.4,Maïs
28,49,33,6.3,22.8,32.1,673.0,Soja
89,31,52,5.7,28.3,54.1,1198.1,Igname
75,32,48,4.9,21.2,85.6,1782.1,Café
89,38,22,5.6,24.0,35.4,895.5,Maïs
49,29,27,7.4,35.6,34.0,778.2,Sorgho
46,31,31,7.8,32.7,20.0,504.9,Sorgho
65,45,57,6.4,27.8,59.3,1102.1,Igname
63,40,58,6.0,27.3,58.9,1211.7,Igname
99,43,35,6.3,36.7,34.7,767.7,Coton
59,44,46,5.9,26.8,64.4,1420.2,Igname
67,51,48,5.4,37.3,82.2,1650.4,Riz
29,64,26,7.0,24.2,39.6,704.7,Soja
30,55,27,6.9,26.2,38.0,842.0,Soja
46,23,31,6.1,26.2,63.5,1165.5,Manioc
68,40,49,5.3,25.5,100.0,2025.7,Cacao
73,54,31,6.1,25.6,100.0,1977.4,Riz
38,21,36,5.8,27.8,47.0,1003.5,Manioc
55,42,49,5.9,27.9,53.4,1011.0,Igname
53,42,48,6.1,25.5,56.1,1262.0,Igname
49,31,27,8.2,29.7,35.4,564.5,Sorgho
35,33,36,6.0,28.3,64.9,1118.5,Manioc
38,32,23,7.0,33.7,23.4,575.3,Sorgho
60,37,53,6.1,28.4,56.9,1089.9,Igname
48,19,42,6.0,27.7,62.5,1187.8,Manioc
99,47,43,6.7,33.7,29.6,788.9,Coton
70,33,43,6.2,25.1,100.0,1838.6,Cacao
124,47,44,5.8,31.0,30.3,550.2,Coton
66,40,57,6.2,25.0,49.1,1105.3,Igname
129,53,37,6.7,33.4,46.2,979.6,Coton
140,56,43,6.8,29.3,32.2,772.8,Coton
37,44,29,7.0,21.6,35.4,744.1,Soja
57,47,42,6.3,27.3,100.0,1988.3,Riz
102,47,19,6.6,23.3,48.8,973.5,Maïs
64,35,49,6.0,28.1,58.9,1248.5,Igname
28,65,35,6.4,23.4,51.9,883.2,Soja
34,47,32,6.6,26.9,55.1,933.6,Soja
35,30,28,6.7,29.0,35.5,557.1,Sorgho
83,51,23,6.7,25.2,36.7,742.0,Maïs
122,45,40,6.1,26.5,48.4,988.1,Coton
39,25,30,7.9,28.8,29.3,592.7,Sorgho
64,26,61,5.5,20.8,71.8,1515.0,Café
33,57,34,6.6,28.6,48.6,809.2,Soja
74,58,41,5.9,36.8,55.8,946.4,Riz
87,49,41,5.3,33.5,83.0,1525.3,Riz
50,19,41,4.7,26.0,54.0,973.7,Manioc
72,27,62,5.9,19.0,89.7,1886.8,Café
49,26,45,5.7,32.6,49.3,848.2,Manioc
57,25,29,7.9,33.5,22.3,532.9,Sorgho
54,38,47,6.0,25.2,100.0,2016.7,Cacao
73,24,44,5.5,23.5,81.0,1769.9,Café
67,39,43,6.3,27.4,64.4,1232.4,Riz
77,29,56,5.4,22.9,77.9,1681.9,Café
56,44,35,4.9,25.4,89.1,1874.5,Cacao
26,45,34,6.9,22.3,50.8,817.4,Soja
84,43,35,6.9,28.3,70.9,1391.7,Riz
82,27,51,5.6,21.3,92.8,1907.6,Café
50,35,37,6.7,31.7,36.7,643.3,Sorgho
78,22,58,5.5,23.2,73.8,1606.6,Café
126,47,29,5.9,31.4,55.7,1037.8,Coton
85,51,24,7.2,22.8,39.5,656.4,Maïs
76,39,52,5.9,26.5,68.3,1248.3,Igname
135,43,31,6.1,32.5,55.8,1030.2,Coton
77,28,43,5.5,23.7,87.4,1586.6,Café
59,37,47,5.7,26.1,100.0,2319.0,Cacao
81,42,19,7.4,20.5,49.3,819.2,Maïs
69,37,48,6.1,25.4,54.5,1127.2,Igname
76,25,56,5.7,23.1,77.7,1616.8,Café
67,48,40,5.4,35.5,63.8,1381.4,Riz
80,30,53,5.6,21.4,91.3,1875.8,Café
101,44,36,7.0,29.1,63.9,1240.8,Coton
80,40,33,6.3,23.9,84.4,1781.7,Riz
109,52,39,6.4,37.0,56.3,1158.2,Coton
81,54,20,6.7,27.3,35.2,784.5,Maïs
67,42,24,6.8,21.0,34.1,827.8,Maïs
87,48,29,6.9,20.7,29.7,709.0,Maïs
83,53,21,7.0,23.3,52.3,895.6,Maïs
134,44,42,6.2,30.4,74.6,1391.1,Coton
44,27,46,6.5,28.4,57.3,1138.5,Manioc
27,56,30,6.8,27.6,42.5,893.2,Soja
118,45,35,6.4,28.8,43.1,892.9,Coton
39,29,21,6.2,27.5,38.6,660.6,Sorgho
76,45,48,5.6,29.0,51.2,1087.1,Riz
34,56,24,7.0,27.9,42.3,658.3,Soja
59,19,42,6.8,28.3,34.9,754.3,Manioc
40,25,36,5.6,29.3,51.8,1054.8,Manioc
70,39,57,6.0,24.9,96.8,2120.1,Cacao
55,45,52,6.4,28.3,68.8,1435.7,Igname
116,47,41,6.4,31.5,37.1,823.0,Coton
81,38,17,6.0,22.6,23.5,628.7,Maïs
136,45,32,6.6,31.7,35.9,824.6,Coton
63,43,44,5.1,27.6,100.0,2002.6,Cacao
47,30,21,6.9,30.7,31.0,744.1,Sorgho
46,20,43,4.8,27.3,67.9,1166.8,Manioc
66,42,46,5.7,27.3,68.8,1361.1,Igname
58,50,37,5.3,33.0,79.7,1452.9,Riz
29,56,32,6.1,22.8,39.4,825.5,Soja
64,48,44,6.9,23.3,65.8,1142.4,Riz
72,35,56,6.2,20.8,100.0,2510.3,Cacao
35,22,29,7.9,30.1,47.8,848.6,Sorgho
55,31,31,6.8,29.6,40.2,778.5,Sorgho
55,18,41,5.2,30.3,58.8,982.5,Manioc
49,31,33,6.1,27.1,25.4,617.8,Sorgho
132,46,37,6.1,32.9,44.4,766.6,Coton
74,45,29,6.1,21.9,48.5,781.8,Maïs
46,33,38,6.8,28.9,28.8,776.2,Sorgho
43,57,17,6.7,28.9,25.7,641.2,Soja
75,30,55,6.1,28.9,89.6,1819.4,Cacao
78,44,59,6.1,27.0,74.2,1290.7,Igname
68,39,23,5.5,25.1,33.1,721.4,Maïs
32,59,31,7.1,28.8,46.5,746.8,Soja
60,19,35,6.1,27.6,45.7,1036.8,Manioc
53,34,29,6.8,31.4,42.1,721.8,Sorgho
115,56,43,6.0,32.7,37.8,692.6,Coton
51,36,21,6.8,27.8,30.8,656.7,Sorgho
27,41,26,7.4,27.0,41.1,836.3,Soja
67,45,44,6.4,26.1,100.0,2394.3,Cacao
62,41,50,6.2,29.4,58.2,1176.6,Igname
50,45,47,6.1,29.5,75.8,1341.4,Igname
71,57,19,6.5,24.8,33.7,729.2,Maïs
59,39,32,5.9,28.6,83.9,1478.1,Riz
51,39,48,5.8,24.6,54.8,1142.8,Igname
62,48,36,5.7,30.7,50.2,1154.5,Riz
80,32,59,5.7,20.5,79.6,1780.8,Café
70,34,63,5.9,22.2,99.3,1787.6,Café
90,33,47,5.4,18.9,78.2,1655.4,Café
78,26,48,5.1,19.9,89.2,1827.0,Café
27,58,23,7.2,27.1,39.5,734.0,Soja
55,47,39,5.7,33.4,94.6,1804.2,Riz
73,32,48,6.0,26.9,52.2,1009.6,Igname
108,46,38,6.6,33.7,38.4,777.4,Coton
76,48,28,5.6,22.9,76.2,1691.3,Cacao
48,35,49,6.0,27.8,61.6,1167.0,Igname
132,41,47,6.4,27.6,32.3,760.5,Coton
74,44,38,6.0,29.5,90.7,1676.2,Riz
68,40,17,6.2,19.0,32.9,784.9,Maïs
67,49,44,6.1,24.2,42.8,1046.9,Riz
33,19,37,6.0,29.1,52.4,1195.3,Manioc
59,31,36,6.4,28.7,31.7,750.3,Sorgho
77,39,22,7.1,23.1,33.0,703.7,Maïs
100,44,26,5.8,25.1,29.4,590.2,Maïs
76,32,45,5.5,20.9,93.5,1792.4,Café
52,52,19,7.0,26.9,36.5,636.5,Maïs
127,42,33,6.8,30.7,45.6,1051.9,Coton
71,40,46,5.8,23.1,100.0,2083.0,Cacao
105,59,46,6.9,26.8,39.3,901.1,Coton
29,58,28,6.6,23.6,45.4,746.3,Soja
34,57,32,7.2,25.5,36.4,837.5,Soja
36,55,30,7.0,27.1,32.8,769.4,Soja
95,46,44,5.8,28.3,53.0,1226.3,Riz
57,31,36,6.4,26.6,98.5,2085.6,Cacao
86,37,26,6.3,25.8,35.4,662.5,Maïs
71,39,46,5.4,18.9,93.4,1817.2,Café
94,47,27,6.4,25.2,52.4,882.0,Maïs
52,22,38,5.9,28.5,68.2,1172.7,Manioc
84,24,51,5.4,18.4,90.1,1792.5,Café
44,26,25,6.1,33.9,26.6,628.4,Sorgho
56,19,44,5.3,26.3,58.7,977.7,Manioc
76,51,21,5.9,26.6,24.7,633.7,Maïs
32,58,23,6.6,22.6,33.8,777.1,Soja
39,25,35,6.7,31.9,20.3,527.2,Sorgho
40,41,60,5.8,25.1,68.5,1235.4,Igname
43,35,46,6.2,27.1,67.0,1236.4,Igname
52,25,38,6.5,29.0,45.8,819.2,Manioc
79,38,20,7.6,25.4,22.9,618.3,Maïs
49,34,49,6.2,27.0,58.7,1134.1,Igname
43,29,30,4.9,30.3,33.8,541.1,Sorgho
77,46,43,5.7,33.8,86.1,1584.8,Riz
84,33,44,5.5,19.3,100.0,1898.6,Café
81,30,53,5.5,24.8,82.5,1663.9,Café
65,40,43,5.6,26.6,94.5,1773.7,Cacao
75,35,37,5.5,24.0,98.7,1861.2,Café
48,30,31,6.2,31.1,37.7,570.9,Sorgho
115,54,32,6.0,35.7,31.6,815.2,Coton
115,54,39,5.9,30.0,57.7,1025.3,Coton
39,30,22,7.2,29.8,33.3,624.4,Sorgho
23,71,31,7.1,26.5,36.1,747.6,Soja
75,43,17,6.3,24.8,45.6,1047.9,Maïs
78,39,54,5.6,28.5,68.6,1174.4,Igname
73,29,51,5.5,23.8,90.2,1732.6,Café
119,42,40,6.1,28.7,38.9,931.0,Coton
125,48,35,6.4,33.4,31.6,815.6,Coton
21,44,24,6.7,29.6,27.7,704.2,Soja
38,29,27,6.7,29.3,32.3,637.6,Sorgho
49,25,25,5.8,27.6,34.0,742.5,Sorgho
125,46,41,6.5,28.7,55.6,1142.4,Coton
52,27,42,5.5,29.4,49.1,966.5,Manioc
79,50,21,6.9,23.6,47.6,864.2,Maïs
63,50,41,6.6,30.4,75.5,1463.8,Riz
71,45,26,6.0,29.7,57.4,1182.6,Riz
56,34,46,6.4,27.3,45.3,1028.0,Igname
33,51,33,6.8,26.8,34.0,793.6,Soja
64,45,31,5.8,21.8,83.7,1618.6,Riz
49,24,37,6.1,27.3,58.0,1184.3,Manioc
66,39,43,5.4,23.7,100.0,2405.9,Cacao
68,36,50,5.7,22.6,93.6,1674.3,Cacao
79,25,48,5.3,21.5,86.5,1630.1,Café
82,48,43,6.6,25.5,88.2,1905.1,Riz
78,42,37,5.7,27.0,90.8,2000.5,Cacao
54,24,39,5.1,29.2,51.9,974.9,Manioc
15,66,30,7.0,21.4,22.4,577.7,Soja
123,62,41,7.0,27.1,42.0,676.0,Coton
45,26,24,6.9,31.7,20.0,572.7,Sorgho
51,28,46,6.1,27.3,55.6,993.1,Manioc
39,25,44,5.6,27.6,56.3,933.2,Manioc
52,21,34,7.0,30.7,38.3,642.7,Sorgho
78,43,24,7.2,21.2,20.0,390.5,Maïs
31,57,29,6.2,25.4,38.7,746.1,Soja
70,38,47,6.1,26.5,63.8,1207.2,Igname
73,27,44,5.8,27.9,64.9,1194.0,Igname
42,20,37,5.1,28.0,49.6,907.2,Manioc
34,67,24,7.4,24.2,38.6,747.1,Soja
36,18,39,5.3,32.4,49.1,866.6,Manioc
77,22,58,5.9,19.4,87.3,1814.9,Café
62,44,53,5.6,25.0,100.0,2085.1,Cacao
40,29,26,5.8,28.9,40.4,646.6,Sorgho
51,21,37,5.6,25.5,57.4,1122.4,Manioc
43,21,35,5.4,28.9,51.3,1055.3,Manioc
66,46,61,6.1,29.5,58.2,1024.7,Igname
92,48,23,7.2,27.0,23.8,517.4,Maïs
30,49,33,6.4,22.0,33.9,852.1,Soja
73,53,50,5.4,29.4,70.3,1210.2,Igname
43,22,40,6.0,29.1,48.9,977.0,Manioc
28,50,30,6.6,24.7,38.1,714.7,Soja
41,19,38,6.2,28.3,50.7,1071.4,Manioc
108,42,35,6.1,31.9,51.5,912.7,Coton
87,53,23,6.2,25.1,33.9,769.8,Maïs
113,49,48,5.9,30.1,48.3,983.9,Coton
48,22,38,5.8,32.4,56.2,1130.4,Manioc
27,58,29,6.5,25.5,45.6,836.3,Soja
31,64,29,6.4,23.9,47.2,847.3,Soja
70,37,42,5.9,24.4,100.0,2295.9,Cacao
56,41,49,5.8,28.7,55.0,1281.5,Igname
108,50,31,5.8,30.2,43.1,799.7,Coton
26,68,25,7.3,22.3,34.1,820.5,Soja
120,51,31,5.8,29.4,71.6,1314.2,Coton
127,47,35,6.1,31.4,54.4,1013.5,Coton
50,20,32,6.1,26.7,56.7,1036.4,Manioc
44,21,27,6.9,29.7,35.9,621.5,Sorgho
67,38,46,5.0,25.5,100.0,2344.5,Cacao
50,44,53,5.7,26.6,61.5,1239.0,Igname
35,57,27,7.1,21.2,37.4,704.5,Soja
63,43,47,4.9,22.9,90.4,1930.4,Cacao
93,45,41,6.9,29.1,75.4,1505.3,Riz
68,35,39,5.5,20.5,87.3,1590.7,Cacao
82,41,23,6.4,27.6,40.9,726.5,Maïs
85,31,57,5.8,22.3,76.5,1627.7,Café
47,32,30,5.7,26.7,24.7,415.2,Sorgho
67,53,49,6.6,36.6,81.3,1544.2,Riz
78,32,43,5.1,23.2,80.4,1594.8,Café
58,42,36,6.0,29.4,57.0,1334.9,Riz
38,18,38,5.3,29.3,46.0,1044.1,Manioc
24,49,34,6.3,21.9,32.8,724.0,Soja
80,42,20,6.6,24.9,34.5,581.9,Maïs
55,36,49,6.0,25.2,100.0,2128.4,Cacao
70,50,47,5.8,22.3,94.7,1750.0,Riz
78,36,59,5.9,23.2,84.1,1822.0,Café
81,29,56,5.7,22.8,85.9,1722.7,Café
107,51,49,6.4,30.0,53.4,963.0,Coton
112,45,33,6.2,29.8,32.3,820.4,Coton
68,52,39,6.5,31.6,63.5,1368.8,Riz
47,31,41,6.1,30.5,63.3,1126.7,Manioc
72,51,39,4.9,24.6,49.0,887.6,Riz
62,53,39,5.8,28.5,64.7,1486.1,Riz
57,27,52,6.4,28.1,70.5,1449.4,Igname
74,49,45,5.4,23.9,79.7,1725.7,Riz
51,31,26,6.0,29.4,42.3,681.5,Sorgho
62,39,36,5.6,24.9,77.8,1493.9,Cacao
61,36,51,6.2,27.6,52.2,1095.5,Igname
52,40,45,6.0,25.9,60.6,1344.9,Igname
40,64,23,7.7,27.7,37.5,799.7,Soja
75,26,43,5.7,22.6,89.5,1642.0,Café
78,32,22,5.7,22.8,33.3,702.3,Maïs
30,49,23,6.9,24.1,42.0,681.0,Soja
42,29,28,5.9,28.1,42.9,705.0,Sorgho
25,66,31,6.5,26.4,31.3,706.1,Soja
80,48,16,6.4,23.1,37.2,737.0,Maïs
41,46,32,6.6,23.4,32.9,784.3,Soja
34,24,36,6.1,28.9,48.3,843.3,Manioc
67,31,49,5.7,22.7,92.9,1914.3,Café
41,34,33,6.4,35.6,32.5,656.1,Sorgho
27,53,24,6.8,23.9,27.8,506.1,Soja
45,27,35,8.0,30.4,34.4,695.3,Sorgho
119,46,35,6.1,24.7,49.9,929.4,Coton
69,23,63,5.3,20.5,87.7,1838.0,Café
44,32,21,7.3,33.7,20.4,483.2,Sorgho
26,53,26,6.8,27.9,29.3,641.3,Soja
42,23,33,7.3,29.0,28.3,616.7,Sorgho
34,54,33,7.1,26.6,50.7,949.0,Soja
79,42,28,6.1,27.1,36.0,604.5,Maïs
44,21,45,5.1,26.1,51.5,1009.2,Manioc
80,45,54,5.5,25.4,83.3,1659.5,Cacao
55,34,59,5.8,29.6,63.4,1272.7,Igname
63,20,61,5.8,17.7,86.0,1639.8,Café
67,41,42,5.3,26.1,89.1,1685.7,Cacao
76,30,57,6.0,20.8,81.8,1777.7,Café
53,26,40,5.3,27.4,64.6,1191.4,Manioc
77,33,57,5.5,22.5,100.0,2028.3,Café
36,21,37,5.3,25.9,45.7,928.7,Manioc
73,44,45,6.0,25.8,100.0,2441.7,Cacao
86,51,36,5.1,22.4,56.9,1093.0,Riz
41,20,28,7.1,32.9,27.2,581.6,Sorgho
62,35,57,5.8,22.3,94.8,1884.3,Café
65,36,55,5.7,19.0,83.9,1750.9,Café
71,37,51,6.1,27.5,55.6,1160.2,Igname
67,49,51,6.1,27.9,80.0,1581.1,Riz
67,35,33,5.7,25.0,91.0,2014.3,Cacao
61,32,50,6.3,28.7,56.0,1147.3,Igname
61,53,38,5.7,28.8,81.4,1431.8,Riz
48,34,57,5.6,26.8,55.3,1168.1,Igname
71,39,42,5.5,28.1,97.4,1882.9,Cacao
41,29,22,7.0,28.8,27.0,586.0,Sorgho
54,40,48,6.1,27.2,73.1,1515.5,Riz
125,47,48,7.0,30.8,44.8,723.5,Coton
60,34,33,7.8,27.6,36.1,731.5,Sorgho
33,54,36,6.8,23.1,53.0,860.3,Soja
48,22,39,6.0,29.1,51.4,955.9,Manioc
67,37,41,5.0,21.6,97.7,1971.9,Café
64,34,46,5.8,22.0,100.0,2028.9,Cacao
31,43,28,7.4,28.8,50.1,808.9,Soja
50,33,26,6.5,31.8,35.3,654.7,Sorgho
65,48,47,6.5,22.9,84.0,1496.8,Riz
63,50,36,6.2,27.9,77.6,1540.5,Riz
74,53,39,5.0,31.8,76.2,1331.2,Riz
36,24,40,5.9,27.6,57.1,1135.5,Manioc
56,26,30,6.6,32.4,32.6,468.2,Sorgho
40,13,42,5.7,28.4,55.9,1236.8,Manioc
83,44,19,6.6,25.5,26.3,604.3,Maïs
118,47,41,5.8,25.7,62.4,1289.5,Coton
43,24,43,5.9,29.1,51.7,995.1,Manioc
31,23,39,5.5,27.8,56.1,1084.7,Manioc
28,25,29,6.4,32.8,30.5,712.6,Sorgho
138,44,32,6.4,26.9,30.8,673.8,Coton
123,47,43,5.9,31.7,35.5,877.3,Coton
61,45,17,6.0,26.5,50.4,1023.8,Maïs
84,40,31,6.2,28.8,78.7,1534.8,Riz
140,43,41,6.3,31.0,43.8,788.2,Coton
82,45,20,6.3,23.7,22.5,601.1,Maïs
55,37,48,5.6,27.0,64.6,1130.5,Igname
99,33,24,7.3,27.8,31.8,604.9,Maïs
58,40,45,6.2,28.9,52.5,1168.9,Igname
27,48,37,6.6,24.7,33.8,695.1,Soja
70,37,45,5.9,28.9,61.4,1124.9,Igname
43,26,37,5.6,30.3,50.9,1028.1,Manioc
65,35,51,5.8,28.4,51.4,1150.9,Igname
53,16,36,5.7,30.7,64.3,1155.0,Manioc
49,51,51,6.3,26.1,53.7,1168.1,Igname
72,49,23,7.3,21.3,42.7,670.5,Maïs
111,53,44,6.3,30.3,37.6,734.2,Coton
52,18,29,7.3,30.9,30.0,649.1,Sorgho
45,32,29,6.8,28.8,20.9,491.4,Sorgho
59,23,46,5.7,29.4,61.5,1118.3,Manioc
29,53,30,6.7,25.2,41.4,793.0,Soja
31,65,31,6.0,25.6,46.4,774.9,Soja
79,35,56,5.6,20.8,94.9,1700.9,Café
84,26,48,5.6,18.9,78.9,1699.2,Café
39,27,24,6.9,34.7,20.0,543.0,Sorgho
81,51,21,6.0,21.5,45.2,742.7,Maïs
62,33,48,6.2,28.8,75.8,1408.1,Igname
34,53,30,6.8,21.3,40.5,658.0,Soja
107,37,24,5.8,24.9,32.8,732.5,Maïs
58,49,41,6.1,26.6,69.5,1340.4,Riz
130,52,45,5.5,30.8,48.5,1020.8,Coton
62,38,51,5.4,20.7,87.0,1788.3,Cacao
47,23,41,5.8,31.3,49.4,960.1,Manioc
58,21,23,7.4,28.7,41.6,641.2,Sorgho
68,48,36,6.2,27.3,80.0,1444.6,Riz
79,28,65,5.5,23.7,83.7,1599.1,Café
84,32,47,5.4,21.7,83.8,1740.2,Café
47,25,30,7.0,27.7,30.5,741.4,Sorgho
63,40,37,5.7,25.8,100.0,2249.9,Cacao
34,45,31,6.6,22.0,31.2,713.0,Soja
31,44,27,6.6,23.2,49.7,831.1,Soja
58,39,48,5.5,25.1,90.9,1953.1,Cacao
55,20,47,5.6,23.9,65.0,1142.7,Manioc
74,35,38,6.0,25.9,100.0,1978.2,Cacao
86,38,24,6.6,29.3,26.8,628.7,Maïs
65,40,34,5.2,25.5,93.2,1917.7,Cacao
20,53,31,6.2,24.2,39.9,749.1,Soja
52,23,26,7.0,29.0,40.2,638.5,Sorgho
71,39,47,5.7,24.6,100.0,1962.0,Cacao
50,21,38,5.8,29.1,58.0,1113.4,Manioc
86,45,38,6.0,24.3,55.5,1066.4,Riz
36,51,28,6.8,24.9,36.8,890.2,Soja
63,42,50,6.1,27.5,77.4,1373.8,Igname
66,34,48,6.0,18.1,90.4,1800.2,Café
125,45,40,6.0,35.0,48.4,990.9,Coton
67,44,49,6.4,21.0,76.0,1684.1,Cacao
30,54,33,5.9,26.2,40.2,848.8,Soja
38,24,43,6.0,27.4,53.7,1031.5,Manioc
139,48,51,6.7,32.1,37.8,858.9,Coton
93,41,17,6.7,21.1,30.6,710.7,Maïs
47,27,47,5.4,31.8,53.4,995.3,Manioc
64,30,41,5.3,22.0,87.4,1873.2,Café
136,54,42,6.0,28.3,33.2,657.7,Coton
72,49,41,5.6,29.2,95.6,1800.2,Riz
69,39,58,6.0,27.5,54.2,1104.9,Igname
33,63,35,7.2,19.2,41.7,813.8,Soja
133,45,37,5.9,28.1,33.9,654.0,Coton
81,24,60,5.5,21.0,88.7,1961.8,Café
84,54,25,6.8,25.1,30.7,736.4,Maïs
103,51,43,6.0,28.8,48.4,880.6,Coton
82,37,54,5.8,27.7,53.5,1203.4,Igname
76,34,60,5.5,20.5,86.1,1652.9,Café
85,28,52,5.2,21.2,96.2,1833.1,Café
61,26,40,5.2,28.3,100.0,2160.2,Cacao
73,35,51,5.8,24.1,100.0,2039.4,Cacao
101,51,42,6.2,30.4,46.9,836.9,Coton
22,71,32,6.7,23.7,45.3,756.1,Soja
66,38,41,4.8,23.9,93.7,1865.7,Cacao
66,41,39,5.4,25.4,91.9,1867.7,Riz
128,45,35,6.4,33.1,24.6,688.3,Coton
38,34,42,7.0,33.7,25.1,600.3,Sorgho
70,39,50,5.8,25.5,66.3,1170.2,Cacao
34,46,26,6.5,24.0,46.9,814.2,Soja
47,30,26,6.4,29.6,20.0,535.5,Sorgho
89,47,24,6.7,25.3,45.2,770.3,Maïs
40,24,26,7.8,28.6,27.6,506.8,Sorgho
78,56,39,6.5,30.7,71.7,1458.6,Riz
46,24,33,5.5,30.2,60.6,1089.9,Manioc
38,17,45,5.8,26.5,58.8,1120.9,Manioc
70,33,36,6.4,23.6,81.7,1654.4,Cacao
58,46,39,5.5,24.7,100.0,2073.5,Cacao
35,24,30,6.0,33.9,41.5,711.4,Sorgho
85,23,58,5.1,21.4,88.4,1707.1,Café
65,36,49,5.8,26.5,87.6,1783.4,Cacao
44,32,26,5.9,29.4,22.1,500.7,Sorgho
112,55,37,6.0,29.7,54.5,1281.7,Coton
64,9,57,5.4,22.9,94.7,1729.4,Café
67,55,20,6.5,19.6,28.8,731.3,Maïs
64,45,60,5.9,26.7,100.0,2191.4,Cacao
73,33,40,6.0,25.5,96.3,1934.3,Cacao
68,39,52,5.3,25.7,100.0,2138.2,Cacao
83,31,48,5.7,22.2,100.0,2210.9,Cacao
54,38,47,6.1,26.8,59.5,1347.6,Igname
46,20,35,6.0,29.6,46.8,767.0,Manioc
45,15,35,6.1,26.8,59.3,1157.7,Manioc
42,22,43,5.9,30.0,36.8,883.5,Manioc
80,47,41,6.3,33.8,61.0,1292.8,Riz
37,19,44,5.8,28.3,55.0,1047.7,Manioc
48,40,33,6.0,30.5,39.4,673.5,Sorgho
57,22,36,5.8,26.7,49.5,961.9,Manioc
59,32,33,7.3,28.8,26.8,569.9,Sorgho
29,66,28,6.4,27.3,51.6,898.5,Soja
119,52,36,6.3,30.8,55.0,951.8,Coton
61,39,27,6.5,25.0,20.0,448.8,Sorgho
40,16,36,5.9,25.8,53.5,1020.6,Manioc
125,45,37,6.3,33.9,47.4,831.7,Coton
77,52,37,5.8,30.1,87.9,1738.9,Riz
52,17,36,5.5,30.2,48.5,1047.2,Manioc
59,33,42,4.9,24.1,100.0,2255.4,Cacao
73,39,27,7.0,19.3,36.6,837.7,Maïs
92,59,21,6.7,26.8,35.2,642.7,Maïs
61,43,37,5.6,23.4,73.2,1421.4,Riz
63,41,45,5.6,26.4,100.0,2260.0,Cacao
63,37,50,5.9,29.3,66.1,1216.3,Igname
38,43,57,5.8,26.9,72.9,1261.8,Igname
36,28,33,6.7,28.9,34.4,667.3,Sorgho
48,21,37,5.9,29.6,49.4,1002.0,Manioc
88,46,17,7.4,26.7,32.4,818.4,Maïs
75,37,22,7.1,30.6,38.9,849.5,Maïs
55,26,28,6.9,25.9,31.5,793.6,Sorgho
75,25,58,6.1,23.5,77.2,1679.3,Café
70,55,38,6.3,26.6,66.6,1144.2,Riz
57,28,36,6.0,23.6,91.1,1755.1,Cacao
44,19,48,5.8,30.9,57.4,1002.4,Manioc
63,37,50,6.1,29.1,64.6,1328.7,Igname
65,39,43,5.6,24.8,100.0,2264.4,Cacao
45,23,46,5.4,29.3,39.3,967.4,Manioc
40,28,27,7.8,33.3,38.8,727.6,Sorgho
39,24,30,7.4,29.6,27.7,592.0,Sorgho
69,25,50,5.7,18.6,87.6,1593.4,Café
80,39,20,6.7,24.0,24.7,680.3,Maïs
66,41,58,6.0,28.5,62.8,1317.8,Igname
66,39,51,6.1,27.5,59.6,1333.4,Igname
71,49,23,6.0,27.1,41.3,758.8,Maïs
79,49,41,5.8,32.9,58.0,1185.2,Riz
38,25,43,5.2,26.7,44.5,929.7,Manioc
48,20,39,5.5,29.8,56.4,1073.6,Manioc
65,44,50,5.6,25.1,93.5,1821.9,Riz
100,41,24,6.7,26.2,35.8,737.8,Maïs
79,26,69,5.6,19.1,99.1,1876.6,Café
56,47,22,6.2,26.6,32.7,771.0,Maïs
117,54,51,6.2,29.8,50.3,820.1,Coton
48,27,32,6.3,30.4,51.9,1157.9,Manioc
126,49,42,6.2,30.0,49.8,858.8,Coton
68,48,41,5.1,25.0,92.9,1691.8,Cacao
50,37,55,5.9,26.1,48.8,1169.7,Igname
73,43,35,5.8,28.6,89.5,1773.1,Riz
70,35,52,6.0,28.0,54.9,1142.1,Igname
29,53,37,6.5,20.4,44.2,857.5,Soja
127,45,43,6.3,32.1,48.1,873.8,Coton
59,42,44,6.4,30.3,71.9,1327.0,Igname
73,43,39,6.6,35.2,61.1,1150.0,Riz
39,30,23,6.6,29.3,30.9,548.6,Sorgho
56,39,36,6.7,29.2,50.8,1135.9,Igname
62,42,46,5.8,25.2,65.4,1322.6,Riz
28,30,27,5.9,28.5,20.0,454.6,Sorgho
25,57,27,7.1,26.0,36.4,829.0,Soja
110,52,46,6.7,25.6,54.2,1068.7,Coton
58,43,30,5.9,27.9,95.6,1777.9,Riz
91,36,21,6.1,27.8,56.8,1014.5,Maïs
89,42,36,6.5,29.1,89.6,1621.0,Riz
131,49,29,6.7,30.0,47.7,898.4,Coton
28,33,26,6.5,30.8,29.8,486.6,Sorgho
41,21,29,5.6,29.6,50.3,1090.7,Manioc
65,41,37,6.1,25.3,89.0,1948.7,Cacao
69,35,56,5.1,22.4,74.6,1472.7,Café
100,57,34,6.2,30.4,37.9,753.4,Coton
56,50,41,6.0,26.3,96.6,1826.9,Cacao
52,35,28,5.5,26.1,30.8,534.9,Sorgho
123,50,39,6.6,26.2,58.4,989.1,Coton
77,30,67,5.4,20.9,79.6,1783.7,Café
29,57,40,6.9,23.0,38.0,837.2,Soja
118,51,42,6.0,31.4,34.3,789.7,Coton
69,45,44,6.3,22.7,59.4,1223.0,Riz
76,27,56,5.0,21.5,85.2,1807.2,Café
66,44,55,5.8,25.6,94.6,1821.3,Cacao
30,51,28,6.6,27.3,45.0,822.7,Soja
49,22,48,5.8,30.2,62.7,1086.1,Manioc
123,54,43,6.7,26.9,61.0,1046.2,Coton
121,52,33,6.1,31.6,55.9,999.9,Coton
64,29,50,5.6,26.0,100.0,2018.5,Cacao
53,38,53,5.7,27.3,66.2,1270.7,Igname
44,35,51,6.5,27.5,60.1,1354.0,Igname
83,35,43,5.9,22.3,96.8,1955.7,Café
63,47,44,5.8,24.2,100.0,2267.3,Cacao
68,35,55,5.7,24.8,100.0,2214.7,Cacao
67,52,53,5.9,24.6,62.3,1381.5,Igname
75,42,34,6.6,32.1,79.2,1503.7,Riz
37,35,34,5.7,28.2,28.9,473.7,Sorgho
25,56,27,6.8,22.5,38.5,700.7,Soja
58,39,51,5.2,25.9,100.0,2181.0,Cacao
74,48,19,7.0,23.5,27.7,610.0,Maïs
27,58,26,6.4,25.4,37.4,776.1,Soja
60,42,40,5.2,26.2,91.0,1807.2,Cacao
79,38,26,6.9,23.0,42.3,886.8,Maïs
73,39,41,6.1,26.7,73.9,1656.8,Riz
86,51,19,6.6,24.2,45.7,739.2,Maïs
49,34,49,5.9,28.4,65.4,1277.7,Igname
118,52,30,6.5,31.7,53.8,1054.0,Coton
62,47,53,6.0,26.5,56.6,1287.5,Igname
36,37,34,5.9,23.2,44.4,716.1,Soja
131,42,35,5.8,31.0,33.6,569.0,Coton
72,36,43,5.6,25.7,86.3,1860.5,Cacao
70,39,45,5.4,22.7,76.8,1711.2,Cacao
107,54,44,6.0,32.9,43.5,1064.4,Coton
62,37,54,6.0,25.5,61.9,1209.1,Igname
38,31,32,6.3,28.2,30.8,616.9,Sorgho
60,42,17,5.9,26.6,40.9,621.6,Maïs
84,42,38,6.1,25.8,62.9,1270.1,Riz
71,52,21,5.6,24.5,44.1,698.2,Maïs
72,50,42,6.3,27.0,96.8,1807.9,Riz
39,70,29,7.3,25.9,32.4,826.3,Soja
60,36,39,5.8,24.7,100.0,2155.6,Cacao
54,45,39,5.4,27.7,78.1,1439.1,Riz
60,39,56,5.4,26.4,63.1,1269.8,Igname
83,28,51,5.5,20.6,83.6,1772.0,Café
67,25,61,5.7,24.3,83.6,1704.3,Café
54,24,40,5.9,30.2,45.9,944.3,Manioc
53,24,35,7.4,31.4,20.0,505.6,Sorgho
137,47,41,6.8,30.3,52.6,884.4,Coton
74,51,33,7.1,26.1,65.7,1337.0,Riz
80,34,41,6.0,24.8,89.7,1892.0,Cacao
51,38,28,5.9,28.5,22.1,622.4,Sorgho
69,33,57,6.3,27.6,100.0,2034.8,Cacao
80,45,19,6.6,27.7,37.5,809.4,Maïs
46,17,39,6.1,28.8,51.6,878.0,Manioc
65,42,43,5.7,24.3,100.0,2226.6,Cacao
92,34,26,7.0,23.3,33.3,642.4,Maïs
88,51,19,6.6,25.1,46.2,857.8,Maïs
74,22,50,5.6,21.1,89.7,1638.5,Café
67,54,41,5.7,33.9,80.9,1533.5,Riz
69,45,42,5.8,31.5,82.0,1457.4,Riz
53,29,42,5.6,26.4,44.6,953.2,Manioc
62,40,53,5.6,23.4,100.0,1933.1,Cacao
85,53,41,6.7,25.1,69.5,1375.2,Riz
73,40,55,5.7,27.6,80.5,1505.6,Igname
37,31,31,5.6,30.7,35.3,589.4,Sorgho
59,39,39,5.8,26.0,61.5,1342.1,Igname
75,64,21,6.1,28.6,33.0,732.3,Maïs
66,39,48,6.1,27.7,66.4,1260.9,Igname
116,53,38,6.7,34.1,46.4,785.5,Coton
69,48,37,6.0,33.1,68.7,1530.7,Riz
44,40,37,6.0,32.6,26.4,596.0,Sorgho
85,42,26,6.1,24.4,33.1,716.9,Maïs
120,47,38,6.1,30.2,42.3,754.7,Coton
54,37,53,5.9,26.2,57.0,1336.9,Igname
59,26,56,5.4,23.8,80.0,1789.7,Café
73,31,46,5.7,20.5,79.3,1755.4,Café
38,32,30,7.1,31.7,37.5,622.4,Sorgho
44,33,26,6.6,32.9,20.0,545.8,Sorgho
35,32,32,6.2,32.0,29.7,487.1,Sorgho
95,51,38,6.5,28.9,39.4,845.6,Coton
52,29,35,7.4,33.7,28.7,396.9,Sorgho
75,28,46,5.5,22.0,88.3,1598.5,Café
87,49,19,6.7,27.2,41.7,939.9,Maïs
63,40,54,6.3,26.5,61.1,1210.3,Igname
87,47,23,6.4,24.8,49.0,900.6,Maïs
40,47,27,6.4,25.5,38.2,749.6,Soja
93,52,24,6.7,31.8,52.7,897.9,Maïs
66,22,55,5.6,20.7,82.1,1772.2,Café
36,32,28,7.7,30.7,38.8,585.3,Sorgho
71,28,44,5.1,21.0,89.0,1690.9,Café
39,21,24,6.8,31.1,44.0,690.5,Sorgho
77,50,21,5.8,28.2,47.8,962.4,Maïs
88,47,24,6.5,26.8,37.3,570.9,Maïs
47,22,43,6.7,27.4,50.2,1071.0,Manioc
44,24,39,5.6,27.4,45.8,1057.3,Manioc
54,30,44,5.4,27.7,51.8,1005.4,Manioc
75,41,43,5.5,24.7,100.0,2293.2,Cacao
43,28,48,5.6,27.9,46.6,1100.5,Igname
72,59,37,6.1,26.7,49.9,1073.0,Riz
56,38,48,5.5,28.5,76.0,1387.0,Igname
76,29,47,5.5,18.9,97.2,1782.1,Café
59,46,40,6.0,27.8,72.7,1307.1,Igname
116,44,39,6.4,28.9,55.8,921.2,Coton
78,52,42,6.3,23.1,68.8,1541.4,Riz
54,41,51,5.7,23.8,68.9,1484.2,Cacao
45,22,31,6.9,27.4,50.2,829.1,Sorgho
69,46,22,7.0,23.5,45.2,856.1,Maïs
68,44,39,5.5,26.9,100.0,2016.9,Cacao
40,34,24,6.8,33.8,30.3,702.2,Sorgho
42,37,44,6.0,28.3,71.2,1230.2,Igname
111,45,41,6.6,33.8,49.4,797.7,Coton
54,55,39,6.1,34.3,81.4,1629.7,Riz
91,29,60,5.1,21.6,86.2,1862.7,Café
118,43,34,6.5,30.6,47.1,749.6,Coton
78,49,17,6.7,23.8,50.2,918.8,Maïs
41,19,40,6.2,28.6,49.8,1101.3,Manioc
87,59,22,6.2,24.3,39.4,784.5,Maïs
82,51,40,6.6,30.2,76.6,1378.8,Riz
29,62,17,6.2,28.7,30.0,742.2,Soja
93,46,19,6.2,24.4,39.2,713.3,Maïs
73,36,43,5.9,27.9,68.9,1184.5,Igname
66,58,33,6.7,30.9,63.9,1244.3,Riz
138,42,40,6.0,30.1,40.4,966.3,Coton
65,50,42,6.6,24.8,83.0,1600.4,Riz
71,31,53,6.1,27.5,69.4,1273.0,Igname
89,53,19,6.4,19.4,45.4,717.3,Maïs
75,20,54,5.7,20.4,89.0,1965.3,Café
91,37,28,6.2,25.2,36.8,806.1,Maïs
52,20,31,7.4,30.4,39.4,658.8,Sorgho
52,24,41,6.8,31.1,60.5,1083.5,Manioc
80,49,33,6.5,26.6,69.3,1429.9,Riz
29,62,34,7.2,30.2,46.6,943.0,Soja
31,28,32,6.1,28.9,33.2,499.1,Sorgho
115,49,35,6.9,27.8,36.4,749.6,Coton
73,46,13,6.6,24.9,30.5,696.6,Maïs
33,63,28,7.3,30.4,44.8,750.0,Soja
73,46,38,6.8,26.7,67.6,1484.3,Riz
137,57,44,5.9,28.2,38.4,829.3,Coton
66,49,40,6.1,24.7,44.2,1072.7,Riz
65,40,48,5.9,28.5,100.0,2139.3,Cacao
57,41,54,5.6,28.7,62.1,1322.6,Igname
59,34,41,5.8,27.5,100.0,2524.0,Cacao
120,52,35,5.7,32.2,52.9,918.9,Coton
50,40,50,5.5,25.2,55.0,1183.6,Igname
70,33,44,5.6,21.6,100.0,2011.8,Cacao
45,36,48,6.2,26.5,60.9,1137.7,Igname
38,31,31,7.5,30.5,34.4,674.5,Sorgho
47,23,39,7.1,27.7,56.4,991.2,Manioc
72,30,66,5.5,18.8,86.7,1793.3,Café
70,38,49,6.2,27.8,53.0,1162.1,Igname
91,43,20,6.3,27.2,31.5,764.8,Maïs
68,22,51,6.0,22.0,100.0,1925.3,Café
45,24,28,5.5,29.4,57.9,1007.7,Manioc
40,19,44,5.4,27.8,61.6,1059.8,Manioc
122,55,29,5.7,28.9,31.7,670.4,Coton
106,46,43,6.6,31.6,56.7,1055.0,Coton
20,51,30,7.0,26.9,33.9,708.4,Soja
50,23,42,6.3,28.7,55.6,929.7,Manioc
29,53,27,6.5,22.4,23.8,665.7,Soja
79,38,54,5.3,21.7,77.4,1501.0,Café
70,38,57,5.9,27.6,66.2,1232.7,Igname
63,42,10,6.2,27.2,34.2,749.6,Maïs
58,31,54,6.0,28.4,61.4,1126.4,Igname
89,45,21,7.0,26.8,27.5,652.2,Maïs
79,42,42,5.5,32.9,72.0,1617.5,Riz
34,54,31,6.8,26.6,50.1,909.6,Soja
70,42,38,5.5,27.1,100.0,2134.3,Cacao
61,60,21,6.5,27.6,33.0,650.0,Maïs
72,46,37,5.7,28.4,86.3,1926.1,Riz
93,30,53,5.3,22.0,94.8,1716.9,Café
66,37,62,5.5,20.1,82.4,1791.4,Café
118,48,43,6.4,29.3,34.0,825.4,Coton
68,36,53,5.9,27.5,73.6,1444.1,Igname
56,50,36,6.5,36.7,76.8,1623.5,Riz
82,36,73,5.4,23.1,83.3,1828.1,Café
24,52,26,6.6,24.2,31.1,660.3,Soja
59,39,47,6.5,26.4,62.5,1232.3,Igname
74,29,58,5.6,18.3,86.6,1750.5,Café
60,30,51,6.2,24.8,63.8,1325.7,Igname
52,31,27,6.3,25.8,22.5,541.8,Sorgho
45,19,44,5.5,30.2,46.6,922.3,Manioc
103,48,44,5.8,24.4,51.5,963.0,Coton
53,31,37,6.6,31.4,42.2,756.1,Sorgho
75,24,45,5.8,18.7,85.1,1728.1,Café
108,50,34,6.6,28.2,41.2,886.2,Coton
44,36,34,7.5,35.5,33.8,510.1,Sorgho
91,54,29,6.9,25.2,35.5,729.9,Maïs
31,73,26,6.8,24.8,40.5,731.0,Soja
75,36,65,5.4,21.0,93.1,1844.6,Café
73,45,40,5.2,23.0,89.9,1851.6,Cacao
57,27,35,5.5,28.0,47.1,1057.0,Manioc
68,41,50,5.8,25.5,100.0,2083.6,Cacao
117,46,46,5.5,28.5,34.4,633.7,Coton
43,28,23,7.9,27.2,31.4,621.0,Sorgho
66,49,48,5.7,26.0,51.7,1065.2,Igname
116,43,39,6.1,26.6,57.0,952.9,Coton
49,25,39,8.2,28.5,35.8,657.1,Sorgho
48,22,47,6.4,29.8,39.6,888.4,Manioc
75,43,53,6.0,26.6,57.2,1238.6,Igname
110,42,39,5.8,31.9,51.8,1010.3,Coton
61,34,47,6.0,26.5,63.5,1175.3,Igname
67,45,36,5.8,23.7,100.0,2187.6,Cacao
42,27,50,5.7,28.5,43.8,978.0,Manioc
68,43,60,5.8,23.9,100.0,2246.7,Cacao
62,37,42,5.7,26.2,93.8,1868.3,Cacao
51,44,34,5.4,26.7,81.7,1497.2,Riz
36,55,29,7.3,19.4,30.9,803.7,Soja
135,49,44,6.4,25.6,40.3,815.6,Coton
78,28,55,5.9,27.6,63.6,1139.0,Igname
55,45,46,6.0,27.1,54.5,1131.9,Igname
66,49,28,5.9,26.1,75.6,1470.3,Riz
85,42,30,5.6,26.4,94.6,1868.4,Riz
26,56,37,6.4,25.3,25.2,644.5,Soja
24,61,40,6.8,26.3,30.9,781.7,Soja
25,70,30,6.7,24.9,42.4,672.1,Soja
68,46,45,4.8,29.6,93.8,1873.5,Riz
150,53,27,6.6,29.3,44.5,815.0,Coton
53,37,47,6.1,27.6,65.1,1172.0,Igname
56,40,52,6.0,25.5,66.6,1465.6,Cacao
129,48,38,6.2,24.5,33.6,689.3,Coton
49,34,48,5.9,27.5,56.4,1273.8,Igname
66,37,41,5.9,24.3,98.4,2119.2,Cacao
78,32,57,6.3,24.6,99.7,1993.5,Cacao
44,16,34,5.8,29.1,56.7,964.0,Manioc
64,31,70,5.5,22.6,90.9,1995.6,Café
28,32,26,6.6,23.5,25.0,639.2,Soja
27,65,35,7.0,22.0,43.0,831.2,Soja
65,44,21,6.9,27.1,38.9,780.4,Maïs
99,64,43,6.1,27.9,52.6,1132.0,Coton
132,45,40,6.3,30.9,21.3,597.8,Coton
65,22,49,5.3,23.4,89.3,1846.6,Café
64,41,23,6.9,29.4,44.2,837.8,Maïs
116,56,42,6.4,32.5,48.9,1077.6,Coton
35,27,30,5.7,29.7,40.7,633.2,Sorgho
55,46,54,6.1,27.0,72.5,1301.9,Igname
38,25,45,5.1,29.4,44.1,958.7,Manioc
29,51,24,6.9,20.3,33.5,832.4,Soja
21,61,22,6.8,24.5,53.8,878.6,Soja
62,20,37,5.2,29.9,49.1,1021.8,Manioc
67,44,29,6.7,29.5,75.0,1545.7,Riz
82,28,61,5.2,20.9,89.7,1814.2,Café
45,23,22,7.2,33.7,29.1,618.0,Sorgho
35,24,50,6.2,28.0,48.0,943.8,Manioc
65,38,43,6.2,23.9,77.3,1737.0,Cacao
69,39,36,5.9,26.8,81.6,1728.2,Cacao
47,27,32,5.6,25.7,55.1,967.3,Manioc
75,50,40,6.3,26.7,86.5,1627.3,Riz
69,49,34,6.0,26.1,99.3,2140.4,Cacao
62,40,52,6.2,27.9,60.7,1118.5,Igname
79,42,19,7.0,19.5,46.1,795.8,Maïs
63,42,37,6.1,26.8,98.8,1975.6,Cacao
41,30,37,7.8,31.3,23.9,645.1,Sorgho
72,43,19,5.9,24.0,42.7,723.7,Maïs
27,45,39,7.2,23.1,45.4,826.5,Soja
130,48,39,6.0,28.2,33.1,746.9,Coton
33,62,27,5.9,24.6,35.4,796.4,Soja
71,48,45,6.4,29.1,66.8,1527.0,Riz
63,43,53,6.0,27.2,59.9,1393.3,Igname
65,47,51,6.1,29.7,61.9,1038.6,Igname
62,43,44,6.1,21.6,77.3,1582.8,Riz
37,53,33,6.6,28.2,48.3,1018.1,Soja
71,30,61,5.4,19.7,92.5,1761.9,Café
31,57,25,7.4,22.6,50.5,892.5,Soja
42,36,23,8.3,29.3,21.1,497.6,Sorgho
70,43,50,5.2,22.6,92.3,2013.4,Cacao
48,28,39,6.0,29.8,45.3,1008.4,Manioc
69,48,26,6.3,23.9,53.9,901.1,Maïs
79,33,53,5.7,19.1,87.4,1569.4,Café
43,42,49,5.8,24.4,65.0,1413.4,Igname
40,18,29,6.1,27.8,50.0,1020.8,Manioc
111,55,35,5.9,27.2,57.1,1158.6,Coton
106,55,37,7.0,26.2,34.2,851.6,Coton
65,50,28,6.5,27.5,33.4,663.8,Maïs
65,36,50,5.8,28.4,70.0,1245.7,Igname
66,58,26,6.4,25.0,51.6,872.6,Maïs
77,30,51,5.9,23.5,81.4,1646.5,Café
42,28,40,6.5,28.5,53.5,901.4,Manioc
65,51,39,5.8,23.2,70.6,1560.1,Riz
42,38,50,6.2,28.1,69.0,1285.4,Igname
34,28,33,6.8,32.2,34.0,641.4,Sorgho
76,27,54,5.2,20.7,87.5,1610.9,Café
123,45,36,6.3,32.2,47.6,924.3,Coton
30,62,29,7.0,24.9,50.0,815.3,Soja
39,40,29,7.3,29.7,29.7,516.2,Sorgho
70,24,47,5.8,24.1,83.1,1803.0,Café
115,45,42,6.0,35.7,35.4,897.7,Coton
110,45,37,6.9,30.9,52.2,911.9,Coton
58,49,18,6.1,27.8,35.1,602.0,Maïs
127,48,40,5.9,29.0,42.5,955.2,Coton
32,59,30,7.0,25.0,42.4,793.1,Soja
115,57,34,5.8,28.9,41.7,949.2,Coton
44,28,24,7.4,28.3,20.0,427.2,Sorgho
41,54,27,7.2,27.2,48.9,857.6,Soja
43,29,39,7.1,33.8,24.4,545.2,Sorgho
70,32,47,6.2,20.8,100.0,1913.8,Café
67,45,36,5.7,33.2,69.1,1511.4,Riz
25,60,28,6.2,23.8,33.6,819.0,Soja
31,57,27,7.0,27.0,36.1,914.0,Soja
65,30,47,5.5,17.1,100.0,1884.8,Café
50,27,29,7.0,30.4,20.3,555.2,Sorgho
73,48,39,6.4,26.8,60.5,1085.6,Riz
69,38,42,5.9,25.1,84.7,1867.4,Cacao
42,18,36,6.9,27.0,51.6,858.0,Manioc
50,28,31,6.8,35.2,27.9,715.3,Sorgho
35,30,33,6.6,27.8,24.7,329.0,Sorgho
26,53,27,5.9,23.3,42.1,684.6,Soja
55,48,41,5.2,24.5,93.5,1695.9,Riz
77,34,42,5.6,19.2,97.0,1742.4,Café
65,29,47,5.4,21.0,93.8,1912.2,Café
39,27,44,6.2,28.5,42.5,951.5,Manioc
74,43,23,6.4,22.4,31.6,789.0,Maïs
42,23,24,6.0,35.6,34.1,563.6,Sorgho
46,22,46,4.8,29.3,37.9,842.1,Manioc
103,53,43,6.6,30.8,52.0,845.4,Coton
22,23,29,7.1,32.0,36.1,555.6,Sorgho
83,23,54,5.4,23.5,90.2,2003.5,Café
60,43,47,5.1,24.0,100.0,2371.2,Cacao
85,25,50,5.5,24.3,77.4,1730.7,Café
72,24,64,5.4,19.0,100.0,1880.3,Café
47,24,42,5.4,27.7,52.0,1048.8,Manioc
66,29,58,5.5,19.9,88.6,1802.6,Café
25,33,23,6.8,24.8,43.7,900.1,Soja
60,36,39,6.4,25.6,80.1,1550.4,Cacao
54,46,47,5.3,24.5,100.0,2332.1,Cacao
61,44,50,5.4,25.8,70.2,1388.5,Igname
30,23,40,6.0,28.5,48.6,1085.6,Manioc
121,52,44,6.5,31.0,55.8,1139.0,Coton
53,24,21,6.8,31.2,30.9,496.6,Sorgho
34,31,29,5.7,35.5,29.1,577.8,Sorgho
37,55,30,6.5,22.1,32.1,832.2,Soja
128,49,46,6.5,31.7,33.6,624.9,Coton
64,48,25,6.9,25.4,45.9,991.1,Maïs
56,37,59,5.2,24.6,74.8,1631.4,Cacao
46,44,47,5.6,28.3,61.7,1279.6,Igname
122,49,39,6.6,28.6,46.6,814.7,Coton
112,52,36,6.3,27.9,38.4,918.9,Coton
61,47,50,5.6,26.5,63.5,1319.6,Igname
62,43,34,5.5,32.3,97.2,1802.6,Riz
56,32,55,5.9,26.0,100.0,2213.9,Cacao
52,38,42,6.2,25.0,95.6,1778.6,Cacao
72,52,38,5.8,30.9,42.7,901.3,Riz
76,31,69,4.9,20.5,100.0,1892.9,Café
44,27,33,6.0,30.3,32.8,561.9,Sorgho
66,37,32,5.7,25.4,79.4,1724.8,Cacao
61,50,48,6.2,30.2,95.2,1916.6,Riz
28,61,29,6.3,23.3,42.4,857.3,Soja
69,48,20,7.3,27.4,20.8,413.9,Maïs
64,27,51,5.2,23.2,80.4,1639.5,Café
78,32,49,5.3,20.7,88.6,1932.2,Café
72,35,57,6.4,28.6,61.2,1144.4,Igname
71,45,35,7.1,21.8,100.0,2103.6,Riz
74,34,50,5.3,20.1,93.9,1868.3,Café
116,50,48,6.2,30.2,51.4,1065.6,Coton
84,53,15,7.4,21.0,49.9,819.1,Maïs
67,48,30,6.5,27.8,43.6,777.9,Maïs
125,48,42,6.6,28.6,41.7,812.6,Coton
84,58,22,6.8,23.3,32.9,574.8,Maïs
76,23,62,6.0,22.8,84.6,1714.4,Café
139,51,46,6.4,32.4,38.7,955.7,Coton
26,67,30,6.8,28.3,36.1,724.5,Soja
42,28,46,5.8,31.3,48.2,903.1,Manioc
72,43,53,5.8,25.8,100.0,1954.9,Cacao
30,59,37,7.4,24.3,37.7,812.8,Soja
37,43,21,6.5,26.9,32.0,817.2,Soja
60,46,35,6.3,30.2,82.2,1492.9,Riz
70,55,17,6.3,24.6,53.2,880.2,Maïs
66,40,55,6.0,27.3,82.1,1743.8,Cacao
42,23,41,5.0,28.7,51.2,1009.2,Manioc
66,41,40,5.6,26.5,68.9,1432.9,Cacao
37,53,31,6.8,24.5,49.8,836.6,Soja
70,38,53,5.4,20.1,96.6,1777.6,Café
25,12,34,6.1,29.9,36.6,834.8,Manioc
36,25,32,6.9,28.3,22.9,564.2,Sorgho
131,52,36,6.9,26.7,74.9,1347.4,Coton
86,52,23,6.1,27.8,36.4,625.5,Maïs
121,44,30,6.4,30.4,60.9,1084.0,Coton
62,43,42,5.5,23.5,94.2,2041.2,Cacao
77,42,26,7.3,25.0,36.6,717.5,Maïs
53,30,23,7.8,30.1,29.8,519.9,Sorgho
74,50,19,6.1,21.8,38.9,719.5,Maïs
50,31,29,6.0,29.3,31.5,701.0,Sorgho
76,27,49,5.2,24.7,79.2,1741.9,Café
122,46,46,5.9,30.3,46.1,821.2,Coton
64,34,55,5.4,23.0,77.7,1724.3,Café
77,52,43,5.8,27.0,76.6,1671.2,Riz
65,38,51,5.8,24.0,100.0,2575.6,Cacao
28,28,43,5.2,30.0,43.9,1072.2,Manioc
47,24,33,6.3,29.4,56.9,1083.7,Manioc
117,40,44,6.6,26.8,48.8,1082.6,Coton
65,35,39,7.2,31.4,85.1,1699.1,Riz
47,32,28,6.6,30.3,38.4,672.6,Sorgho
50,49,45,6.1,26.8,61.2,1195.5,Igname
72,51,24,6.7,26.5,27.7,741.7,Maïs
86,45,23,6.8,25.0,39.7,843.0,Maïs
37,50,30,7.3,20.8,44.1,771.6,Soja
49,51,42,6.3,30.0,66.3,1355.6,Riz
52,20,44,6.1,27.1,60.4,1043.2,Manioc
40,22,46,5.8,25.2,64.0,1110.9,Manioc
60,48,50,6.2,26.5,76.0,1366.3,Igname
61,41,40,6.2,24.3,100.0,2159.4,Cacao
50,38,60,5.4,28.0,74.5,1312.5,Igname
68,48,38,6.4,22.7,75.6,1524.7,Riz
84,47,17,6.6,26.2,39.1,916.4,Maïs
37,52,21,6.4,23.5,34.9,869.6,Soja
115,53,44,6.0,31.5,50.8,1097.8,Coton
47,19,41,5.3,30.7,47.9,928.0,Manioc
68,38,39,5.6,28.3,93.9,2028.2,Cacao
59,41,53,5.9,28.6,65.2,1260.1,Igname
123,47,37,5.7,29.6,45.6,1053.8,Coton
32,56,31,7.0,23.9,41.6,806.7,Soja
77,32,53,6.1,27.0,44.6,1031.0,Igname
74,43,38,6.0,24.9,59.4,1265.0,Riz
87,43,23,6.7,31.2,40.8,748.2,Maïs
46,15,38,5.6,28.9,56.2,967.4,Manioc
30,52,23,6.3,25.4,47.9,768.5,Soja
71,37,38,5.8,28.3,52.6,1199.6,Igname
55,38,47,5.8,27.1,65.7,1252.1,Igname
48,43,44,5.9,27.1,63.1,1379.9,Igname
69,44,41,5.7,25.4,75.7,1522.3,Cacao
62,46,19,6.6,26.0,52.0,896.2,Maïs
59,40,49,5.8,30.1,65.4,1332.2,Igname
70,20,47,5.4,22.8,83.7,1515.5,Café
49,35,48,5.7,29.5,59.6,1289.6,Igname
53,32,39,5.6,26.9,100.0,2254.2,Cacao
76,34,23,6.0,23.3,40.0,817.2,Maïs
72,43,45,5.3,25.3,100.0,2159.0,Cacao
77,36,52,6.5,25.4,96.8,1872.1,Cacao
75,30,63,5.5,20.9,81.5,1828.4,Café
115,47,40,6.2,29.5,56.4,1056.9,Coton
80,49,40,5.8,31.9,94.3,1743.2,Riz
29,28,27,6.3,30.2,25.9,556.3,Sorgho
83,40,48,5.5,30.3,65.8,1459.2,Riz
138,46,38,6.5,28.3,64.6,1109.8,Coton
29,54,27,7.2,23.8,35.8,702.3,Soja
49,20,26,6.5,29.4,46.7,916.8,Manioc
54,21,35,5.4,27.7,59.5,992.7,Manioc
79,51,24,6.8,24.9,45.4,751.7,Maïs
65,26,47,5.6,21.2,82.2,1618.3,Café
52,26,40,6.1,32.3,29.8,622.9,Sorgho
50,24,21,7.5,32.6,23.6,670.5,Sorgho
41,27,31,6.2,28.8,36.2,814.0,Manioc
65,45,40,5.9,23.9,80.1,1665.5,Cacao
84,46,19,5.9,24.4,33.1,607.9,Maïs
27,50,24,6.9,27.1,36.5,731.5,Soja
53,50,41,5.8,28.7,83.7,1730.9,Riz
62,29,48,5.7,23.8,95.9,1762.7,Café
72,36,43,6.0,24.5,80.8,1805.7,Cacao
42,27,46,5.8,29.0,51.3,1028.1,Manioc
62,43,39,5.9,24.1,93.5,1739.4,Cacao
118,48,34,6.6,29.9,47.2,882.1,Coton
28,56,29,6.9,24.4,32.2,659.0,Soja
67,41,49,6.4,27.4,64.3,1338.0,Igname
38,59,27,7.6,24.9,28.3,645.6,Soja
37,33,31,6.1,28.5,27.3,500.9,Sorgho
84,50,23,7.1,20.7,36.1,671.0,Maïs
85,47,28,6.6,27.5,83.9,1793.3,Riz
62,39,33,5.5,28.6,100.0,2452.4,Cacao
29,27,43,6.7,32.0,21.9,588.1,Sorgho
74,40,40,6.2,31.1,100.0,1900.0,Riz
44,38,29,6.8,31.4,20.0,342.2,Sorgho
123,55,36,6.6,31.1,39.5,924.8,Coton
53,39,47,6.2,28.5,74.1,1324.6,Igname
70,27,43,5.5,19.8,86.3,1603.8,Café
88,42,22,6.4,27.7,30.6,771.7,Maïs
80,34,53,5.3,22.8,83.8,1684.3,Café
25,55,24,6.5,27.1,33.6,850.2,Soja
37,58,30,7.5,22.2,38.4,903.6,Soja
80,36,22,7.1,24.7,46.9,780.1,Maïs
64,44,61,5.9,25.6,93.1,1715.5,Cacao
41,29,38,5.9,28.0,56.1,947.4,Manioc
28,67,29,6.7,22.9,36.7,700.0,Soja
132,46,44,5.9,31.8,52.5,1029.9,Coton
70,29,53,6.0,27.5,59.9,1377.4,Igname
42,20,34,6.7,30.3,29.3,539.7,Sorgho
40,21,44,5.6,28.2,38.7,913.6,Manioc
69,39,43,6.4,26.8,70.9,1343.8,Igname
56,36,34,7.3,31.2,42.6,744.6,Sorgho
43,29,27,6.8,29.6,30.2,581.0,Sorgho
75,67,23,6.1,25.6,37.0,928.7,Maïs
141,49,43,5.8,33.1,37.6,662.0,Coton
120,49,41,6.6,27.3,51.5,1072.9,Coton
52,16,41,5.5,31.6,47.3,1081.4,Manioc
33,63,29,6.6,28.2,40.6,898.6,Soja
43,22,40,6.0,28.7,49.9,955.7,Manioc
50,41,42,6.3,27.5,62.3,1164.9,Igname
51,51,42,5.9,26.6,79.6,1546.0,Riz
66,41,54,6.4,23.8,83.1,1780.4,Cacao
85,27,31,7.0,22.3,32.3,600.8,Maïs
33,57,38,6.9,24.5,27.7,745.0,Soja
37,29,28,6.5,30.1,26.8,638.5,Sorgho
75,46,36,5.6,28.4,84.7,1546.8,Riz
74,28,47,5.4,21.6,80.6,1719.3,Café
37,54,27,6.5,19.9,46.4,784.9,Soja
78,28,61,5.3,20.9,83.1,1685.2,Café
30,64,29,6.0,26.8,32.1,783.2,Soja
126,53,41,6.7,30.9,51.4,897.0,Coton
87,31,47,6.9,27.6,59.7,1350.4,Riz
57,37,56,5.8,24.9,100.0,2056.0,Cacao
80,48,24,6.2,21.3,54.4,1077.5,Riz
128,39,32,5.7,29.9,49.9,1070.5,Coton
78,45,61,6.2,23.7,80.2,1508.5,Cacao
68,42,43,5.5,25.6,100.0,2300.5,Cacao
44,25,42,5.1,27.9,54.6,1044.5,Manioc
57,32,53,6.0,24.5,71.4,1248.5,Igname
113,46,37,6.4,31.4,36.0,889.4,Coton
45,31,44,6.0,23.6,20.0,522.6,Sorgho
54,25,36,5.2,30.1,49.8,1059.8,Manioc
82,57,32,5.3,28.0,89.0,1947.9,Riz
68,26,54,5.6,22.9,69.1,1521.7,Café
78,54,37,6.8,27.6,69.6,1496.8,Riz
28,43,35,7.1,28.7,40.4,835.6,Soja
130,49,41,6.0,25.1,38.8,880.3,Coton
