Annee,Culture,Exportations_Tonnes,Importations_Tonnes,Pertes_Post_Recolte_Tonnes,Production_Tonnes,Rendement_Kg_Ha,Semences_Utilisees_Tonnes,Superficie_Irriguee_Ha,Superficie_Plantee_Ha,Superficie_Recoltee_Ha,Engrais_National_Total_Tonnes,Population_Agricole_Totale
2000,Arachides,19.8,0.0,,25972.0,550.0,,,53896.0,53896.0,5730.0,4135000.0
2001,Arachides,19.8,0.0,,33023.0,616.0,,,58841.0,58841.0,5730.0,4135000.0
2002,Arachides,19.8,0.0,,35682.0,755.0,,,51660.0,51660.0,5080.0,4135000.0
2003,Arachides,19.8,0.0,,38244.0,687.0,,,65253.0,65253.0,8435.5,4135000.0
2004,Arachides,19.8,0.0,,34870.0,678.0,,,59086.0,59086.0,10423.5,4135000.0
2005,Arachides,19.8,0.0,,26919.0,625.0,,,53544.0,53544.0,11329.0,4135000.0
2006,Arachides,19.8,0.0,,32413.0,879.0,,,52062.0,52062.0,8466.5,4135000.0
2007,Arachides,19.8,0.0,,35952.0,678.0,,,57881.0,57881.0,10199.0,4135000.0
2008,Arachides,19.8,0.0,,42647.0,684.0,,,67357.0,67357.0,5230.0,4135000.0
2009,Arachides,2.273,0.0,,44528.12909,657.8110193,,,67691.37,67691.37,9870.5,4135000.0
2010,Arachides,0.0,3.465,,46495.95351,667.8438045,,,69621.0,69621.0,24874.1,4135000.0
2011,Arachides,0.0,19.2,,47369.0,688.6630612,,,68784.0,68784.0,25854.9,4135000.0
2012,Arachides,0.0,0.083,,45003.0285,687.8947161,,,65421.39,65421.39,25861.2,4235333.333333333
2013,Arachides,0.0,25.229,,43226.0,710.8019667,,,60813.0,60813.0,34767.3,4339333.333333333
2014,Arachides,26.15,0.36,,40662.89009,665.2967534,,,61119.92864,61119.92864,36537.7,4446333.333333333
2015,Arachides,57.243,4.125,,40903.0,665.8693632,,,61427.9651,61427.9651,32970.0,4557000.0
2016,Arachides,1.55,10.0,,42787.6023,736.7265109,,,58078.0,58078.0,41704.45,4670666.666666667
2017,Arachides,0.0,0.0,,43493.41425,737.074581,,,59008.15924,59008.15924,28109.75,4785333.333333333
2018,Arachides,0.0,3.5,,43842.20335,739.457988,,,59289.64736,59289.64736,28109.75,4901666.666666667
2019,Arachides,0.0,0.0,,44582.3311175048,743.71050632733,,,59945.813240781,59945.813240781,28109.75,5018666.666666667
2020,Arachides,0.108,4.0,,43407.2369539799,743.71050632733,,,58376.6055564337,58376.6055564337,28109.75,5137333.333333333
2021,Arachides,0.6,0.0,,44367.0,756.354523602516,,,58659.0,58659.0,28109.75,5257666.666666667
2022,Arachides,395.693,95.5,,45074.0,757.0,,,59515.0,59515.0,28109.75,5378333.333333333
2000,Cacao,25475.0,6.0,,6600.0,241.8045421,,,25334.5117,25334.5117,5730.0,4135000.0
2001,Cacao,25475.0,0.0,,10200.0,241.8045421,,,25334.5117,25334.5117,5730.0,4135000.0
2002,Cacao,25475.0,139.5,,7500.0,241.8045421,,,25334.5117,25334.5117,5080.0,4135000.0
2003,Cacao,25475.0,279.0,,5100.0,241.8045421,,,25334.5117,25334.5117,8435.5,4135000.0
2005,Cacao,25475.0,845.0,,5246.571428571428,241.8045421,,,25334.5117,25334.5117,11329.0,4135000.0
2007,Cacao,25475.0,3.0,,5393.142857142857,241.8045421,,,25334.5117,25334.5117,10199.0,4135000.0
2008,Cacao,25475.0,18.0,,5539.714285714286,241.8045421,,,25334.5117,25334.5117,5230.0,4135000.0
2009,Cacao,13077.0,20.0,,5686.285714285715,241.8045421,,,25334.5117,25334.5117,9870.5,4135000.0
2010,Cacao,12944.0,12.5,,5832.857142857143,241.8045421,,,25334.5117,25334.5117,24874.1,4135000.0
2011,Cacao,13478.0,5.0,,5979.428571428572,241.8045421,,,25334.5117,25334.5117,25854.9,4135000.0
2012,Cacao,6510.0,5.4,,6126.0,241.8045421,,,25334.5117,25334.5117,25861.2,4235333.333333333
2013,Cacao,4431.0,5.8,,7020.0,321.3885126,,,21842.72221,21842.72221,34767.3,4339333.333333333
2014,Cacao,9632.0,6.2,,6568.0,285.0570722,,,23041.0,23041.0,36537.7,4446333.333333333
2015,Cacao,9721.0,6.6,,10384.7,437.3039234,,,23747.1,23747.1,32970.0,4557000.0
2016,Cacao,4387.0,7.0,,11586.9,473.7402457,,,24458.34,24458.34,41704.45,4670666.666666667
2017,Cacao,4903.0,33.0,,12288.95879,475.1537742,,,25863.11939,25863.11939,28109.75,4785333.333333333
2018,Cacao,6122.313,2.0,,12674.43112,506.8344265,,,26356.66255,26356.66255,28109.75,4901666.666666667
2019,Cacao,7341.626,11.75,,14567.8712536367,580.14967364533,,,26465.742914384,26465.742914384,28109.75,5018666.666666667
2020,Cacao,8560.939,21.5,,17083.9654616069,581.174677195565,,,27209.505094549,27209.505094549,28109.75,5137333.333333333
2021,Cacao,9780.252,31.25,,15700.0,581.174677195565,,,27400.0,27400.0,28109.75,5257666.666666667
2022,Cacao,10999.565,41.0,,17531.8216606671,640.652442508085,,,27426.7763061791,27426.7763061791,28109.75,5378333.333333333
2000,Café vert,4396.0,1040.0,,15200.0,287.0825019,,,37767.9324,37767.9324,5730.0,4135000.0
2001,Café vert,4396.0,1.0,,16900.0,287.0825019,,,37767.9324,37767.9324,5730.0,4135000.0
2002,Café vert,4396.0,55.0,,7900.0,287.0825019,,,37767.9324,37767.9324,5080.0,4135000.0
2003,Café vert,4396.0,55.0,,5500.0,287.0825019,,,37767.9324,37767.9324,8435.5,4135000.0
2004,Café vert,4396.0,31.0,,9300.0,287.0825019,,,37767.9324,37767.9324,10423.5,4135000.0
2005,Café vert,4396.0,7.0,,7200.0,287.0825019,,,37767.9324,37767.9324,11329.0,4135000.0
2006,Café vert,4396.0,7.0,,8900.0,287.0825019,,,37767.9324,37767.9324,8466.5,4135000.0
2007,Café vert,4396.0,72.0,,9300.0,287.0825019,,,37767.9324,37767.9324,10199.0,4135000.0
2008,Café vert,4396.0,5.0,,9143.0,287.0825019,,,37767.9324,37767.9324,5230.0,4135000.0
2009,Café vert,4659.0,1.0,,9567.878130000001,287.0825019,,,37767.9324,37767.9324,9870.5,4135000.0
2010,Café vert,10621.0,16.0,,9992.75626,287.0825019,,,37767.9324,37767.9324,24874.1,4135000.0
2011,Café vert,11883.0,15.0,,10417.63439,287.0825019,,,37767.9324,37767.9324,25854.9,4135000.0
2012,Café vert,3986.0,41.0,,10842.51252,287.0825019,,,37767.9324,37767.9324,25861.2,4235333.333333333
2013,Café vert,4564.0,21.0,,10950.0,308.155278,,,35534.03359,35534.03359,34767.3,4339333.333333333
2014,Café vert,7864.0,39.0,,15500.0,240.0199601,,,38076.0,38076.0,36537.7,4446333.333333333
2015,Café vert,10849.0,13.0,,16092.7,397.3633722,,,40498.7,40498.7,32970.0,4557000.0
2016,Café vert,4202.0,12.0,,17933.5,438.3866706,,,40907.95,40907.95,41704.45,4670666.666666667
2017,Café vert,1940.0,78.0,,18475.97457,448.0425922,,,41237.09418,41237.09418,28109.75,4785333.333333333
2018,Café vert,2582.824,2.0,,19076.47234,457.5476529,,,41949.94933,41949.94933,28109.75,4901666.666666667
2019,Café vert,3225.648,4.0,,21222.1587997233,500.143761186831,,,42693.760496778,41949.94933,28109.75,5018666.666666667
2020,Café vert,3868.4719999999998,0.0,,23713.1633966715,500.247749429256,,,43682.4539465835,41949.94933,28109.75,5137333.333333333
2021,Café vert,4511.296,63.3295,,23000.0,500.247749429256,,,43900.0,41949.94933,28109.75,5257666.666666667
2022,Café vert,5154.12,126.659,,25132.3493909927,532.084402313811,,,44393.8118656883,41949.94933,28109.75,5378333.333333333
2000,Haricots (secs),19.0,46.0,,41760.0,510.0,,,142631.0,142631.0,5730.0,4135000.0
2001,Haricots (secs),8.2,151.0,,41338.0,521.0,,,148157.0,148157.0,5730.0,4135000.0
2002,Haricots (secs),0.297,79.0,,44673.0,445.0,,,168076.0,168076.0,5080.0,4135000.0
2003,Haricots (secs),1.2376,7.0,,43631.0,525.0,,,145654.0,145654.0,8435.5,4135000.0
2004,Haricots (secs),2.1782000000000004,3.0,,49419.0,472.0,,,159112.0,159112.0,10423.5,4135000.0
2005,Haricots (secs),3.1188000000000007,8.0,,67359.0,358.0,,,187944.0,187944.0,11329.0,4135000.0
2006,Haricots (secs),4.0594,9.0,,52809.0,461.0,,,186379.0,186379.0,8466.5,4135000.0
2007,Haricots (secs),5.0,10.0,,62942.0,425.0,,,180299.0,180299.0,10199.0,4135000.0
2008,Haricots (secs),3.5,77.5,,67325.0,430.0,,,193675.0,193675.0,5230.0,4135000.0
2009,Haricots (secs),2.0,145.0,,72366.93042,355.1794153,,,203747.5352,203747.5352,9870.5,4135000.0
2010,Haricots (secs),4.6,670.0,,76190.0,361.7466776,,,210617.0,210617.0,24874.1,4135000.0
2011,Haricots (secs),180.0,243.0,,76465.0,369.0894522,,,207172.0,207172.0,25854.9,4135000.0
2012,Haricots (secs),201.0,114.786,,155419.21501,409.3087073,,,379711.48,379711.48,25861.2,4235333.333333333
2013,Haricots (secs),222.0,2.0,,116602.0,330.0694946,,,353266.0,353266.0,34767.3,4339333.333333333
2014,Haricots (secs),163.0,503.0,,172119.362091225,460.351458,,,363935.9519,363935.9519,36537.7,4446333.333333333
2015,Haricots (secs),104.0,188.05,,177417.0,490.7461952,,,361524.9628,361524.9628,32970.0,4557000.0
2016,Haricots (secs),45.0,104.0,,200087.772002,567.3113285,,,352694.829,352694.829,41704.45,4670666.666666667
2017,Haricots (secs),9.036,19.95,,199358.9841,539.4388249,,,369567.3632,369567.3632,28109.75,4785333.333333333
2018,Haricots (secs),49.0,46.881,,207551.6783,547.9549676,,,378775.0647,378775.0647,28109.75,4901666.666666667
2019,Haricots (secs),8.0,102.0,,202730.162258523,521.391001348108,,,388825.587197217,388825.587197217,28109.75,5018666.666666667
2020,Haricots (secs),45.0,644.0,,202265.364999805,527.19398073246,,,383664.025751558,383664.025751558,28109.75,5137333.333333333
2021,Haricots (secs),15.0,644.0,,211876.0,546.747144025743,,,387521.0,387521.0,28109.75,5257666.666666667
2022,Haricots (secs),15.0,644.0,,216518.0,549.0,,,394376.0,394376.0,28109.75,5378333.333333333
2000,Ignames,114.8,,,563285.0,11340.0,,,51220.0,51220.0,5730.0,4135000.0
2001,Ignames,114.8,,,614962.0,10384.0,,,54048.0,54048.0,5730.0,4135000.0
2002,Ignames,114.8,,,574886.0,10752.0,,,54066.0,54066.0,5080.0,4135000.0
2003,Ignames,114.8,,,614962.0,10679.0,,,57967.0,57967.0,8435.5,4135000.0
2004,Ignames,114.8,,,636305.0,11018.0,,,56479.0,58010.0,10423.5,4135000.0
2005,Ignames,114.8,,,585427.0,10151.0,,,56709.0,57670.0,11329.0,4135000.0
2006,Ignames,114.8,,,621056.0,10341.0,,,60246.0,60246.0,8466.5,4135000.0
2007,Ignames,114.8,,,618212.0,10647.0,,,58431.0,58431.0,10199.0,4135000.0
2008,Ignames,114.8,,,648327.0,10202.0,,,63975.0,62775.0,5230.0,4135000.0
2009,Ignames,114.8,,,704413.9563,10182.70328,,,69177.5,69177.5,9870.5,4135000.0
2010,Ignames,114.8,,,710481.0,9932.768527,,,71529.0,71529.0,24874.1,4135000.0
2011,Ignames,114.8,,,727749.0,10217.60618,,,71225.0,71225.0,25854.9,4135000.0
2012,Ignames,114.8,,,864408.0,8706.0,,,103475.0,106279.0,25861.2,4235333.333333333
2013,Ignames,114.8,,,661200.0,9833.286239,,,67241.0,67241.0,34767.3,4339333.333333333
2014,Ignames,114.8,,,786393.9314,7811.436487,,,100672.1277,100672.1277,36537.7,4446333.333333333
2015,Ignames,114.8,,,781419.0,9027.026325,,,86564.38697,86564.38697,32970.0,4557000.0
2016,Ignames,125.66,,,813985.352,8938.509329,,,91065.0,91065.0,41704.45,4670666.666666667
2017,Ignames,434.14,,,826553.0,9178.503953,,,90643.21411,90643.21411,28109.75,4785333.333333333
2018,Ignames,715.668,,,858782.6865,9150.2184,,,93853.79113,93853.79113,28109.75,4901666.666666667
2019,Ignames,715.668,,,874267.454394521,8949.00315962698,,,97694.3955432643,97694.3955432643,28109.75,5018666.666666667
2020,Ignames,715.668,,,940876.20824901,9000.0,,,104140.742836556,104140.742836556,28109.75,5137333.333333333
2021,Ignames,715.668,,,960431.0,9037.05411330768,,,106277.0,106277.0,28109.75,5257666.666666667
2022,Ignames,715.668,,,984614.0,9044.0,,,108871.0,108871.0,28109.75,5378333.333333333
2000,Manioc,0.0,351.0,,700695.0,10380.0,,,123941.0,123941.0,5730.0,4135000.0
2001,Manioc,0.0,351.0,,678865.0,9277.0,,,109014.0,109014.0,5730.0,4135000.0
2002,Manioc,0.0,351.0,,727707.0,10061.0,,,127653.0,127653.0,5080.0,4135000.0
2003,Manioc,0.0,351.0,,778865.0,9428.0,,,133586.0,133586.0,8435.5,4135000.0
2004,Manioc,0.0,351.0,,675475.0,10130.0,,,115891.0,115891.0,10423.5,4135000.0
2005,Manioc,0.0,351.0,,678186.0,6030.0,,,112471.0,112471.0,11329.0,4135000.0
2006,Manioc,0.0,351.0,,767366.0,8119.0,,,135720.0,135720.0,8466.5,4135000.0
2007,Manioc,0.0,351.0,,773162.0,7614.0,,,125740.0,125740.0,10199.0,4135000.0
2008,Manioc,0.0,351.0,,795373.0,7602.0,,,131425.0,131425.0,5230.0,4135000.0
2009,Manioc,0.0,351.0,,895654.501,6244.680656,,,143426.79,143426.79,9870.5,4135000.0
2010,Manioc,41.16,351.0,,908755.0,6167.908726,,,147336.0,147336.0,24874.1,4135000.0
2011,Manioc,0.0,351.0,,998540.0,6560.321663,,,152209.0,152209.0,25854.9,4135000.0
2012,Manioc,0.0,78.0,,959889.0,4129.538386,,,251589.0,251589.0,25861.2,4235333.333333333
2013,Manioc,50.96,78.0,,902860.0,3517.248096,,,256695.0,256695.0,34767.3,4339333.333333333
2014,Manioc,107.7,78.0,,1153109.456,4080.518739,,,282588.9377,282588.9377,36537.7,4446333.333333333
2015,Manioc,788.297,78.0,,1039135.0,3916.936923,,,265292.7582,265292.7582,32970.0,4557000.0
2016,Manioc,1014.653,78.0,,1027475.915,3799.527831,,,270422.0,270422.0,41704.45,4670666.666666667
2017,Manioc,546.235,78.0,,1041682.0,3941.712413,,,267020.4946,267020.4946,28109.75,4785333.333333333
2018,Manioc,719.96,78.0,,1089471.865,3980.841472,,,273678.787,273678.787,28109.75,4901666.666666667
2019,Manioc,968.852,78.0,,1117880.13485129,3949.83788031685,,,283019.245023194,283019.245023194,28109.75,5018666.666666667
2020,Manioc,703.957,78.0,,1158044.44366438,3949.83788031685,,,294060.956579582,294060.956579582,28109.75,5137333.333333333
2021,Manioc,534.518,78.0,,1204249.0,3977.80618480422,,,302742.0,302742.0,28109.75,5257666.666666667
2022,Manioc,534.518,78.0,,1224641.0,4013.0,,,305160.0,305160.0,28109.75,5378333.333333333
2000,Maïs,15.0,46.0,1305.72642835667,482052.0,1305.72642835667,131.22,,369183.0,369183.0,5730.0,4135000.0
2001,Maïs,15.0,46.0,1127.58120515767,464091.0,1169.0,131.22,,411581.0,411581.0,5730.0,4135000.0
2002,Maïs,15.0,46.0,1265.17724040253,510060.0,1276.0,131.22,,403153.0,403153.0,5080.0,4135000.0
2003,Maïs,15.0,46.0,1272.93898242508,537860.0,1089.69260701201,131.22,,422534.0,422534.0,8435.5,4135000.0
2004,Maïs,15.0,46.0,1089.69260701201,522561.0,1275.0,131.22,,479549.0,479549.0,10423.5,4135000.0
2005,Maïs,15.0,46.0,1159.24920531263,509468.0,1158.0,131.22,,439481.0,439481.0,11329.0,4135000.0
2006,Maïs,15.0,46.0,1167.77137305978,543343.0,1155.0,131.22,,465282.0,465282.0,8466.5,4135000.0
2007,Maïs,15.0,46.0,1166.27509611277,546050.0,1171.0,131.22,,468200.0,468200.0,10199.0,4135000.0
2008,Maïs,15.0,46.0,1192.14374315648,590104.0,1192.0,131.22,,494994.0,494994.0,5230.0,4135000.0
2009,Maïs,15.0,46.0,1255.86540883749,651738.2235,1255.865409,131.22,,518955.47,518955.47,9870.5,4135000.0
2010,Maïs,15.0,46.0,1212.89604907125,868260.127,1212.896049,131.22,,715857.0,715857.0,24874.1,4135000.0
2011,Maïs,15.0,46.0,1245.12799710693,650740.0,1245.127997,131.22,,522629.0,522629.0,25854.9,4135000.0
2012,Maïs,15.0,46.0,1142.45732642327,862257.4314,1142.0,131.22,,754739.29,754739.29,25861.2,4235333.333333333
2013,Maïs,15.0,46.0,924.357523408889,692610.0,924.3575234,131.22,,749288.0,749288.0,34767.3,4339333.333333333
2014,Maïs,15.0,46.0,1195.89153559924,833043.693,1195.891536,131.22,,696588.0,696588.0,36537.7,4446333.333333333
2015,Maïs,15.0,46.0,1389.54651633313,794661.0,1389.546516,131.22,,571885.1371,571885.1371,32970.0,4557000.0
2016,Maïs,15.0,46.0,1223.52478800173,826895.981,1223.524788,131.22,,675831.0,675831.0,41704.45,4670666.666666667
2017,Maïs,15.0,46.0,1230.79228529195,854689.318,1230.792285,131.22,,694422.0631,694422.0631,28109.75,4785333.333333333
2018,Maïs,15.0,46.0,1239.56527792802,886629.9229,1239.565278,131.22,,715274.8941,715274.8941,28109.75,4901666.666666667
2019,Maïs,15.0,46.0,1227.11994865433,912085.542118198,1227.11994865433,131.22,,743273.339430587,743273.339430587,28109.75,5018666.666666667
2020,Maïs,15.0,46.0,1226.02123245835,885030.406662367,1227.11994865433,131.22,,721872.006154209,721872.006154209,28109.75,5137333.333333333
2021,Maïs,15.0,46.0,1226.02123245835,929020.0,1230.18537130539,131.22,,755187.0,755187.0,28109.75,5257666.666666667
2022,Maïs,15.0,46.0,1226.02123245835,957047.0,1254.0,131.22,,763336.0,763336.0,28109.75,5378333.333333333
2000,Millet,0.0,0.0,,37373.0,620.0,,,79580.0,79580.0,5730.0,4135000.0
2001,Millet,0.0,0.0,,41248.0,640.0,,,78580.0,78580.0,5730.0,4135000.0
2002,Millet,18.0,2.5789473684210527,,51726.0,679.09517,,,76169.0,76169.0,5080.0,4135000.0
2003,Millet,30.97142857142857,5.157894736842105,,47136.0,696.4436105,,,67681.0,67681.0,8435.5,4135000.0
2004,Millet,43.94285714285714,7.7368421052631575,,35018.0,709.4120984,,,49362.0,49362.0,10423.5,4135000.0
2005,Millet,56.91428571428571,10.31578947368421,,42159.0,820.8847697,,,51358.0,51358.0,11329.0,4135000.0
2006,Millet,69.88571428571429,12.894736842105264,,42413.0,686.8724493,,,61748.0,61748.0,8466.5,4135000.0
2007,Millet,82.85714285714286,15.473684210526315,,45456.0,758.0,,,72481.0,72481.0,10199.0,4135000.0
2008,Millet,95.82857142857142,18.05263157894737,,47402.0,778.0,,,72048.0,72048.0,5230.0,4135000.0
2009,Millet,108.8,20.63157894736842,,49145.68389,687.6602941,,,71467.968,71467.968,9870.5,4135000.0
2010,Millet,121.77142857142857,23.210526315789473,,48264.0,654.1964867,,,73776.0,73776.0,24874.1,4135000.0
2011,Millet,134.74285714285713,25.789473684210527,,50363.0,686.5559736,,,73356.0,73356.0,25854.9,4135000.0
2012,Millet,147.71428571428572,28.36842105263158,,29339.0,502.0,,,58441.0,58441.0,25861.2,4235333.333333333
2013,Millet,160.68571428571428,30.94736842105263,,64441.0,1275.478495,,,50523.0,50523.0,34767.3,4339333.333333333
2014,Millet,173.65714285714284,33.526315789473685,,39683.602,624.6867401,,,51804.0,51804.0,36537.7,4446333.333333333
2015,Millet,186.62857142857143,36.10526315789474,,40002.07901,740.7518057,,,54002.0,54002.0,32970.0,4557000.0
2016,Millet,199.6,38.68421052631579,,50137.28851,829.8543597,,,60416.97308,60416.97308,41704.45,4670666.666666667
2017,Millet,257.0,41.26315789473684,,26044.1506,593.0977643,,,43912.0701,43912.0701,28109.75,4785333.333333333
2018,Millet,173.0,43.8421052631579,,22618.02669,586.3869616,,,38571.84449,38571.84449,28109.75,4901666.666666667
2019,Millet,323.0,46.421052631578945,,26807.4402472168,598.689520009408,,,44776.8657229804,44776.8657229804,28109.75,5018666.666666667
2020,Millet,197.0,49.0,,27237.0,598.689520009408,,,45385.0,45385.0,28109.75,5137333.333333333
2021,Millet,197.0,49.0,,27636.0,593.098120010301,,,46596.0,46596.0,28109.75,5257666.666666667
2022,Millet,197.0,49.0,,27915.0,611.0,,,46942.0,46942.0,28109.75,5378333.333333333
2000,Patates douces,60.0,,,2752.0,3866.0,,,5163.0,1643.0,5730.0,4135000.0
2001,Patates douces,60.0,,,1353.0,3866.0,,,5163.0,1831.0,5730.0,4135000.0
2002,Patates douces,60.0,,,5448.0,3866.0,,,5163.0,1494.0,5080.0,4135000.0
2003,Patates douces,60.0,,,1425.0,3866.0,,,5163.0,814.0,8435.5,4135000.0
2004,Patates douces,60.0,,,431.0,3866.0,,,5163.0,631.0,10423.5,4135000.0
2005,Patates douces,60.0,,,2399.0,3866.0,,,5163.0,793.0,11329.0,4135000.0
2006,Patates douces,55.0,,,2191.0,3866.0,,,5163.0,296.0,8466.5,4135000.0
2008,Patates douces,50.0,,,3989.0,3866.0,,,5163.0,597.0,5230.0,4135000.0
2009,Patates douces,45.0,,,3989.0,3866.0,,,5163.0,597.0,9870.5,4135000.0
2010,Patates douces,40.0,,,4753.0,3866.0,,,5163.0,603.0,24874.1,4135000.0
2011,Patates douces,35.0,,,4740.0,3866.0,,,5163.0,598.0,25854.9,4135000.0
2012,Patates douces,30.0,,,19957.0,6565.0,,,2594.0,5984.0,25861.2,4235333.333333333
2013,Patates douces,25.0,,,11337.0,3866.0,,,5163.0,5163.0,34767.3,4339333.333333333
2014,Patates douces,20.0,,,11497.0,3115.0,,,3691.0,3691.0,36537.7,4446333.333333333
2015,Patates douces,15.0,,,8301.0,3115.0,,,3691.0,3691.0,32970.0,4557000.0
2016,Patates douces,10.0,,,2737.0,3279.5725030000003,,,3113.16049,819.0,41704.45,4670666.666666667
2017,Patates douces,5.0,,,8732.013091,3444.145006,,,2535.32098,2535.32098,28109.75,4785333.333333333
2018,Patates douces,0.0,,,8550.754553,3641.826276,,,2347.93038,2347.93038,28109.75,4901666.666666667
2019,Patates douces,0.0,,,8672.0,3638.9926578799696,,,2506.96519,2375.0,28109.75,5018666.666666667
2021,Patates douces,0.0,,,9694.0,3636.15903975994,,,2666.0,2666.0,28109.75,5257666.666666667
2022,Patates douces,0.0,,,9919.0,3622.0,,,2738.0,2738.0,28109.75,5378333.333333333
2000,Riz (paddy),0.0,3.0,,59306.0,2083.0,,2.083,32413.0,32413.0,5730.0,4135000.0
2001,Riz (paddy),0.0,0.0,,64082.0,2336.0,,2.336,32110.0,32110.0,5730.0,4135000.0
2002,Riz (paddy),0.0,0.6666666666666666,,69246.0,2570.0,,2.57,32017.0,32017.0,5080.0,4135000.0
2003,Riz (paddy),0.0,1.3333333333333333,,62107.0,2743.0,,2.743,28594.0,28594.0,8435.5,4135000.0
2004,Riz (paddy),0.0,2.0,,68519.0,2572.0,,2.572,32276.0,32276.0,10423.5,4135000.0
2005,Riz (paddy),0.0,0.0,,72858.0,2209.0,,2.209,32711.0,32711.0,11329.0,4135000.0
2006,Riz (paddy),0.0,354.91,,76287.0,2553.0,,2.553,30723.0,30723.0,8466.5,4135000.0
2007,Riz (paddy),0.0,709.82,,80418.0,2834.0,,2.834,32717.0,32717.0,10199.0,4135000.0
2008,Riz (paddy),0.0,1064.73,,85637.0,2689.0,,2.689,36492.0,36492.0,5230.0,4135000.0
2009,Riz (paddy),0.0,112.014,,121294.7163,2654.040998,,2.65404099806135,45701.9,45701.9,9870.5,4135000.0
2010,Riz (paddy),0.0,0.0,,110109.0,2322.827669,,2.32282766913487,47403.0,47403.0,24874.1,4135000.0
2011,Riz (paddy),0.0,240.0,,112232.0,2510.053005,,2.51005300471899,44713.0,44713.0,25854.9,4135000.0
2012,Riz (paddy),332.2,0.568,,169272.523,1627.0,,1.627,104043.0,104043.0,25861.2,4235333.333333333
2013,Riz (paddy),0.4,3685.497,,168325.6923,1788.809506,,1.78880950574052,92239.0,92239.0,34767.3,4339333.333333333
2014,Riz (paddy),0.0,0.0,,147929.8383,1764.782275,,1.76478227502119,86515.27975,86515.27975,36537.7,4446333.333333333
2015,Riz (paddy),0.0,35.0,,140952.0,1727.331954,,1.72733195426257,81600.99143,81600.99143,32970.0,4557000.0
2016,Riz (paddy),0.0,6.051,,137106.068,1653.593699,,1.65359369949586,82914.0,82914.0,41704.45,4670666.666666667
2017,Riz (paddy),0.0,71.76,,140519.0257,1665.014273,,1.66501427266757,84395.0878,84395.0878,28109.75,4785333.333333333
2018,Riz (paddy),0.0,19.603,,145488.6918,1676.040323,,1.67604032315734,86805.00691,86805.00691,28109.75,4901666.666666667
2019,Riz (paddy),0.0,0.0,,147052.713756036,1639.79339076619,,1.63979339076619,89677.5865691995,89677.5865691995,28109.75,5018666.666666667
2020,Riz (paddy),0.0,528.162,,159851.942073763,1684.51095878734,,1.68451095878734,94894.9433772953,94894.9433772953,28109.75,5137333.333333333
2021,Riz (paddy),0.0,1590.95,,165541.0,1686.90450714846,,1.68451095878734,98133.0,98133.0,28109.75,5257666.666666667
2022,Riz (paddy),0.0,1524.55,,169608.0,1697.0,,1.68451095878734,99958.0,99958.0,28109.75,5378333.333333333
2000,Sorgho,2.0,47.0,,155401.0,870.0,,,181884.0,181884.0,5730.0,4135000.0
2001,Sorgho,0.0,47.0,,163271.0,771.59532650239,,,183674.0,183674.0,5730.0,4135000.0
2002,Sorgho,10.0,47.0,,168983.0,861.663865890647,,,195184.0,195184.0,5080.0,4135000.0
2003,Sorgho,20.0,47.0,,155569.0,921.270102720601,,,177277.0,177277.0,8435.5,4135000.0
2004,Sorgho,38.0,47.0,,169782.0,1013.69650363011,,,167488.0,167488.0,10423.5,4135000.0
2005,Sorgho,24.0,40.5,,206032.0,982.0,,,209754.0,209754.0,11329.0,4135000.0
2006,Sorgho,16.0,34.0,,221155.0,1042.55161146591,,,215456.0,215456.0,8466.5,4135000.0
2007,Sorgho,8.0,27.5,,210298.0,1027.0,,,211779.0,211779.0,10199.0,4135000.0
2008,Sorgho,0.0,21.0,,211257.0,1059.0,,,213007.0,213007.0,5230.0,4135000.0
2009,Sorgho,0.0,0.0,,237664.7537,1098.08572,,,216435.52,216435.52,9870.5,4135000.0
2010,Sorgho,0.0,0.0,,244674.0,1209.347614,,,202319.0,202319.0,24874.1,4135000.0
2011,Sorgho,0.0,0.0,,243267.0,1101.169217,,,220917.0,220917.0,25854.9,4135000.0
2012,Sorgho,0.0,0.0,,250892.0,832.0,,,345111.0,345111.0,25861.2,4235333.333333333
2013,Sorgho,0.0,0.0,,285316.0,944.3703392,,,302123.0,302123.0,34767.3,4339333.333333333
2014,Sorgho,20.0,0.0,,307579.0,934.6032588,,,313039.0604,313039.0604,36537.7,4446333.333333333
2015,Sorgho,120.0,0.0,,270863.0,847.7901211,,,304185.0,304185.0,32970.0,4557000.0
2016,Sorgho,5.958,0.0,,272776.016,859.9794318,,,317189.0,317189.0,41704.45,4670666.666666667
2017,Sorgho,16.422,0.0,,276167.2578,875.21587,,,315541.8763,315541.8763,28109.75,4785333.333333333
2018,Sorgho,15.68,0.0,,277239.9621,869.5423826,,,318834.329,318834.329,28109.75,4901666.666666667
2019,Sorgho,7.84,0.0,,282581.714987383,889.108269665341,,,317825.988834573,317825.988834573,28109.75,5018666.666666667
2020,Sorgho,0.0,1.2,,279105.203482086,900.0,,,311244.574553312,311244.574553312,28109.75,5137333.333333333
2021,Sorgho,0.0,37.1,,276986.0,876.443673781935,,,316034.0,316034.0,28109.75,5257666.666666667
2022,Sorgho,0.0,73.0,,280809.0,884.0,,,317571.0,317571.0,28109.75,5378333.333333333
